pdb_posins,pdb_chain,pdb_res,top_res,pdb_pos,perplexity,A,C,D,E,F,G,H,I,K,L,M,N,P,Q,R,S,T,V,W,Y
1,H,Q,M,1,1.4400,-5.3787,-7.4305,-5.8909,-5.9575,-6.9846,-4.5002,-6.6693,-6.2291,-6.3095,-5.9946,-0.0578,-6.3511,-5.2677,-6.2507,-6.1201,-5.1328,-5.7226,-5.2912,-8.0415,-7.6698
2,H,V,V,2,2.2634,-9.2762,-12.4426,-12.7697,-10.4333,-10.7906,-12.0306,-12.3498,-2.6369,-12.2078,-1.4232,-5.5975,-12.1185,-11.4669,-9.2602,-11.8406,-12.7274,-9.1312,-0.3808,-10.5735,-11.5126
3,H,Q,Q,3,1.2545,-8.3908,-10.9252,-8.3968,-6.0475,-8.9704,-9.2792,-4.6673,-8.2842,-6.1098,-5.8820,-7.3682,-6.1269,-14.8013,-0.0360,-5.5484,-7.6695,-6.5154,-4.7290,-11.4398,-9.0470
4,H,L,L,4,1.0021,-13.8008,-13.1760,-17.4727,-12.1788,-12.3909,-14.4521,-17.0228,-11.7952,-16.9352,-0.0002,-10.0191,-16.7023,-12.5113,-12.6714,-16.2769,-15.0452,-14.9761,-9.0000,-14.4594,-15.8967
5,H,Q,V,5,1.6608,-5.3010,-12.2041,-9.6308,-6.5167,-8.2267,-8.7472,-8.5025,-6.9049,-5.6942,-2.9789,-6.0225,-7.6027,-16.2216,-3.4976,-5.1928,-6.1201,-5.6637,-0.1130,-10.6956,-10.5165
6,H,E,E,6,1.0470,-8.5989,-12.2041,-7.8262,-0.0071,-16.8924,-8.5651,-12.5300,-15.4730,-11.3473,-11.5645,-12.5009,-12.4517,-11.7322,-5.0856,-12.4234,-11.6226,-11.8966,-10.4642,-14.7472,-17.2212
7,H,S,S,7,1.0301,-6.4673,-11.5427,-11.7430,-12.7696,-8.0347,-9.8846,-10.8479,-12.4427,-10.2746,-10.9908,-12.0571,-9.9265,-15.8552,-9.2370,-7.6079,-0.0035,-7.7284,-11.1715,-7.9332,-10.5299
8,H,G,G,8,1.0010,-11.8686,-16.0644,-11.8155,-10.6903,-15.3279,-0.0001,-15.0388,-15.5036,-13.0253,-13.4058,-16.4160,-13.8130,-15.1620,-12.6116,-10.2439,-13.7340,-15.1752,-13.3216,-14.6110,-16.2426
9,H,G,G,9,1.0000,-15.0776,-18.4628,-15.9073,-15.2385,-17.9571,-0.0000,-19.9649,-19.0185,-16.8507,-15.2372,-20.4572,-18.4944,-15.9534,-16.9344,-13.4994,-15.5419,-17.9442,-16.8710,-18.1113,-19.5214
10,H,G,G,10,1.0023,-12.0289,-15.4429,-10.6222,-11.6440,-13.3051,-0.0002,-14.4672,-14.6900,-13.2182,-10.7273,-14.6212,-13.8673,-16.5422,-12.6544,-9.0495,-11.7367,-13.0964,-11.8168,-14.0170,-15.0188
11,H,L,L,11,1.3787,-6.9276,-11.9856,-9.8246,-8.9108,-6.7667,-9.6177,-10.4549,-7.4199,-9.8169,-0.0807,-7.1179,-10.9631,-5.3299,-8.2714,-8.2371,-7.9038,-8.1106,-2.6950,-9.8969,-10.1720
12,H,V,V,12,1.5639,-6.1179,-9.6715,-10.8818,-7.6948,-9.6456,-10.0747,-11.9116,-2.6878,-6.5080,-4.0805,-5.1095,-10.1792,-12.1540,-7.5570,-6.5370,-7.6119,-5.5420,-0.1073,-13.3857,-11.5884
13,H,Q,K,13,2.4883,-6.6278,-11.7547,-10.7384,-6.4054,-10.3987,-10.1115,-7.2685,-9.1176,-0.3830,-7.4714,-7.9960,-6.5935,-8.7602,-1.6408,-2.2141,-6.8520,-4.9273,-7.7439,-11.3221,-10.3986
14,H,A,P,14,2.8351,-1.8603,-9.0059,-9.3976,-7.2256,-8.9364,-8.0608,-8.4501,-10.3505,-7.1744,-4.9974,-7.6999,-9.1241,-0.4492,-5.0914,-5.8273,-1.7387,-4.5175,-7.2304,-10.7918,-10.2926
15,H,G,G,15,1.0681,-8.5233,-11.4220,-10.5023,-7.9960,-13.6162,-0.0093,-11.0476,-11.7846,-6.8681,-9.9955,-10.7830,-9.0413,-13.3936,-9.0392,-6.4088,-5.2522,-7.7829,-10.7419,-12.5171,-15.2058
16,H,G,G,16,1.0013,-12.0597,-17.5145,-14.6815,-13.3607,-20.5382,-0.0001,-15.5745,-19.0335,-12.1845,-17.7555,-18.5581,-14.2538,-18.3466,-13.9428,-9.2180,-12.5650,-14.1891,-17.1402,-19.7366,-19.9011
17,H,S,S,17,1.0847,-5.8256,-12.6551,-10.7705,-9.9667,-7.7343,-7.7420,-10.3736,-12.2881,-8.6755,-8.5177,-9.9800,-9.9311,-9.2924,-8.7270,-6.1210,-0.0115,-5.3919,-10.8177,-11.8568,-11.1737
18,H,L,L,18,1.1128,-10.6800,-13.9677,-12.1755,-9.4239,-12.2092,-14.8742,-11.4206,-9.0955,-6.9212,-0.0194,-7.5665,-11.0259,-11.4093,-7.3306,-4.1011,-10.5332,-10.8550,-8.7724,-13.9019,-13.8097
19,H,R,R,19,1.0859,-10.0132,-12.4043,-11.1870,-10.2595,-12.3737,-11.8279,-10.5572,-10.2308,-4.7745,-8.2302,-10.2094,-9.5470,-13.0500,-7.8219,-0.0127,-6.9909,-6.1527,-8.5245,-12.3919,-13.2898
20,H,L,L,20,1.0023,-15.0229,-15.6939,-19.2021,-16.8988,-10.3698,-16.5530,-16.2901,-9.1280,-17.3646,-0.0002,-10.5472,-17.4262,-16.7982,-14.7309,-15.6884,-14.7227,-18.2115,-10.1678,-12.6482,-16.7317
21,H,S,S,21,1.0745,-6.2497,-10.6892,-10.8102,-10.6394,-11.6268,-9.6604,-11.6765,-10.1194,-11.2994,-12.0469,-11.5866,-9.1103,-11.1268,-10.4461,-9.3808,-0.0116,-4.7045,-9.0391,-13.9133,-12.4845
22,H,C,C,22,1.0065,-8.8030,-0.0007,-16.1865,-14.4740,-17.0627,-12.3166,-18.1738,-12.4296,-19.3264,-14.9383,-13.7211,-16.1217,-19.1889,-15.8512,-15.8469,-11.0278,-9.9491,-7.6476,-16.0805,-20.8011
23,H,A,A,23,1.9427,-0.1963,-10.4592,-8.7899,-5.8866,-10.9159,-6.1623,-9.5178,-7.7495,-7.0473,-7.1832,-10.4660,-9.8367,-8.9519,-7.3073,-5.7799,-5.4910,-2.5725,-2.4469,-10.3284,-12.2839
24,H,A,A,24,1.1210,-0.0205,-10.7202,-10.5153,-11.7759,-11.4239,-4.2113,-16.5481,-10.7102,-15.2393,-9.7332,-10.2415,-13.4158,-11.6328,-14.7726,-13.0292,-8.5383,-7.9102,-5.3655,-14.5907,-15.7592
25,H,S,S,25,1.0552,-6.2728,-12.2964,-9.3382,-11.5821,-7.3022,-9.0168,-9.5922,-10.5419,-9.6949,-10.1506,-11.6218,-7.6857,-13.5002,-9.6391,-6.5506,-0.0067,-6.6141,-9.5075,-9.4025,-8.1836
26,H,G,G,26,1.0042,-10.5329,-14.2544,-9.6141,-8.9341,-15.2928,-0.0004,-13.2223,-14.5779,-11.6591,-13.1395,-14.6304,-12.2094,-15.9498,-10.9689,-9.1141,-11.1326,-12.5938,-12.3871,-14.6752,-14.4566
27,H,G,G,27,1.8265,-4.4677,-6.7561,-2.5971,-6.7504,-4.3297,-0.1472,-7.3366,-7.0281,-10.5611,-6.4512,-9.3147,-6.5697,-9.6927,-9.0707,-8.4502,-3.6508,-6.7494,-7.9599,-9.7536,-5.8567
28,H,G,T,28,4.4513,-4.1977,-9.8849,-4.6821,-5.9386,-5.3097,-6.0197,-7.4592,-3.2640,-6.7296,-4.8099,-6.8259,-4.3070,-2.8230,-7.0068,-3.1783,-0.9943,-0.8632,-4.9627,-6.9757,-6.7047
29,H,G,F,29,1.0167,-11.9537,-12.0404,-11.5450,-13.2383,-0.0019,-13.3723,-10.0429,-8.4151,-15.6569,-9.2396,-9.5155,-11.5535,-11.6272,-13.1343,-13.5729,-9.4538,-9.6576,-8.8809,-9.6294,-6.8827
30,H,G,F,30,2.4234,-5.4540,-8.3627,-4.6261,-5.9838,-0.2179,-4.9356,-4.3131,-7.7186,-8.6502,-3.8514,-6.1359,-5.3502,-6.9814,-6.8705,-5.7836,-3.2666,-6.8411,-8.2372,-4.6200,-2.5874
31,H,G,S,31,10.5225,-3.8125,-6.9057,-2.1691,-3.5203,-2.0718,-3.1042,-3.4743,-7.1695,-5.2396,-4.1088,-6.5913,-2.7126,-6.4627,-4.3790,-2.3668,-1.3993,-2.7495,-6.6507,-4.3817,-2.2202
32,H,G,Y,32,2.4066,-7.0035,-8.2021,-4.4241,-6.4855,-1.5854,-7.4704,-3.7859,-11.9437,-8.9885,-5.0336,-9.4609,-5.4324,-8.8255,-7.7196,-7.8211,-4.6923,-5.1615,-9.3651,-5.6456,-0.3194
33,H,G,S,33,1.5824,-3.8011,-6.9709,-5.6975,-7.1297,-6.0574,-3.2461,-5.9342,-11.6051,-10.5550,-7.5773,-9.7680,-6.0440,-10.6000,-8.6121,-7.4583,-0.0950,-4.4480,-10.5476,-7.7557,-5.6998
34,H,M,F,34,6.9433,-2.7732,-7.3217,-3.4940,-3.3587,-1.0588,-5.5251,-4.1401,-6.7942,-8.5302,-2.4149,-4.7865,-6.4189,-8.8156,-6.0306,-6.6860,-2.5261,-5.0322,-4.4955,-1.3737,-3.0028
35,H,G,G,35,1.0820,-6.3630,-10.4775,-7.9674,-8.7409,-9.4728,-0.0116,-6.3891,-11.4835,-11.8497,-9.7624,-12.0368,-7.7459,-13.8250,-9.2169,-9.6326,-5.0108,-9.2385,-11.2729,-11.7518,-10.8878
36,H,W,W,36,1.0073,-12.8647,-12.6581,-14.4111,-12.2900,-7.8188,-12.5622,-11.9443,-11.0442,-15.4911,-9.9078,-12.2961,-14.7950,-17.8096,-14.7653,-9.7426,-13.9568,-12.4914,-8.5349,-0.0008,-12.2216
37,H,Y,F,37,2.1557,-7.9216,-6.9658,-11.3553,-7.6403,-0.1958,-6.7948,-4.5454,-3.9831,-8.6288,-2.5554,-6.6540,-8.0163,-12.7287,-7.9264,-7.1090,-5.7170,-7.4526,-3.1547,-4.4677,-4.9543
38,H,R,R,38,1.0047,-10.7690,-8.7640,-14.8216,-10.9194,-16.7709,-10.1129,-13.3646,-14.1489,-11.2517,-11.6783,-13.2886,-13.6687,-14.1609,-8.8054,-0.0005,-10.7466,-12.5401,-11.6529,-12.8327,-19.2687
39,H,Q,Q,39,1.0639,-8.8324,-11.2522,-14.1474,-7.8806,-15.0619,-11.1451,-9.4820,-10.3134,-5.9213,-7.0833,-9.1911,-14.5516,-13.7251,-0.0086,-5.6041,-11.0503,-9.6037,-7.6774,-13.4746,-16.5609
40,H,A,A,40,1.2578,-0.0588,-11.2615,-13.1732,-13.0097,-16.8714,-2.8969,-13.7120,-17.5485,-12.6500,-15.7912,-15.1237,-13.5720,-7.0566,-13.5025,-10.3210,-7.0551,-9.0195,-11.1905,-13.9942,-17.8133
41,H,P,P,41,1.1645,-5.2147,-11.1367,-11.3249,-10.6166,-11.3761,-10.0229,-11.0607,-9.5818,-11.0288,-6.7985,-11.8904,-11.1969,-0.0255,-10.6573,-7.6414,-5.2462,-4.4189,-7.5110,-10.9222,-13.8251
42,H,G,G,42,1.0040,-9.5225,-15.4264,-11.2404,-9.4976,-12.7977,-0.0004,-12.0985,-16.6191,-12.0884,-10.6252,-13.9006,-15.0431,-13.6232,-12.2008,-9.0679,-11.1032,-11.2550,-12.1223,-11.4632,-14.2707
43,H,K,K,43,1.1879,-10.3426,-12.7945,-10.4798,-6.0085,-11.9641,-8.6150,-8.4535,-12.4636,-0.0313,-7.5710,-9.6009,-9.0603,-14.1934,-4.4573,-4.1704,-9.8853,-9.7702,-11.8079,-13.1334,-12.1756
44,H,E,G,44,1.2214,-3.6902,-11.1262,-7.7682,-7.2550,-10.9723,-0.0377,-11.1020,-11.0075,-9.5705,-8.0015,-11.5271,-10.7298,-7.1586,-9.5860,-4.9731,-8.5825,-7.3855,-6.3526,-9.4001,-11.8363
45,H,R,L,45,2.7563,-3.7605,-10.1068,-9.0542,-6.6430,-6.0252,-7.3209,-11.0031,-4.3111,-5.7247,-0.2797,-3.6332,-9.2457,-2.6943,-7.3525,-4.5312,-7.2419,-4.3518,-2.5559,-5.9170,-9.8491
46,H,E,E,46,1.1096,-10.3212,-14.2585,-8.0951,-0.0195,-12.9734,-11.8288,-10.4464,-10.4116,-11.1595,-7.2329,-10.2108,-14.1513,-16.0608,-4.0433,-10.6483,-13.5807,-13.0716,-7.4746,-11.7363,-15.4764
47,H,F,F,47,2.2013,-9.5651,-10.5724,-11.5281,-11.6963,-0.6336,-11.1110,-7.5552,-12.1402,-13.0786,-6.4247,-10.3386,-11.0998,-9.8531,-12.6064,-10.6942,-8.7547,-10.8473,-9.5061,-0.8025,-3.9917
48,H,V,V,48,1.1094,-10.8479,-12.6371,-16.3624,-12.5467,-13.4220,-16.9719,-14.1196,-4.6932,-14.9477,-5.0421,-6.4430,-15.6324,-17.4170,-12.0954,-12.4214,-13.7843,-10.2427,-0.0174,-14.4728,-14.5326
49,H,A,S,49,1.8759,-1.1868,-7.6915,-10.6366,-13.2898,-11.6119,-8.5804,-13.7248,-13.0132,-15.1366,-11.3797,-9.0732,-9.4082,-15.6697,-13.7279,-14.1891,-0.3665,-7.2385,-11.8750,-14.8535,-13.0623
50,H,G,G,50,1.2039,-6.5221,-10.0367,-6.8891,-9.1494,-8.0735,-0.0359,-7.5736,-10.0605,-10.8071,-6.5249,-9.2381,-7.5219,-13.5269,-10.4490,-10.0071,-3.5648,-8.7943,-8.3843,-7.8277,-7.7572
51,H,G,I,51,4.1196,-5.5689,-8.2822,-7.9214,-6.3806,-4.1720,-8.3817,-6.6366,-0.6390,-6.2108,-1.2707,-3.3805,-5.9419,-10.6194,-7.0454,-5.8037,-3.5059,-3.6819,-3.0824,-3.8965,-5.3973
52,H,G,T,52,3.1136,-5.3857,-9.5501,-3.6493,-6.5177,-8.0824,-6.0955,-8.2777,-4.6615,-7.1927,-5.0485,-6.3616,-3.4895,-12.3842,-7.9513,-5.3720,-1.1505,-0.5478,-5.4324,-4.4667,-7.4072
53,H,G,L,53,12.1003,-2.6580,-9.0521,-3.9276,-4.4896,-4.3443,-3.2049,-6.1253,-1.9459,-5.4206,-1.7489,-4.0438,-3.5818,-2.3376,-4.5672,-3.3638,-3.4254,-1.8724,-2.6914,-2.6229,-4.7895
54,H,G,F,54,9.9586,-2.7269,-7.1154,-1.9435,-4.0687,-1.6247,-1.8841,-3.2079,-6.5947,-7.1084,-3.6680,-5.9974,-3.8246,-9.0274,-5.9865,-5.1872,-2.2996,-3.6471,-4.7728,-3.2222,-1.9028
55,H,G,G,55,1.0221,-8.4948,-13.3432,-6.8628,-8.1537,-9.4042,-0.0024,-11.1738,-10.2648,-11.8645,-8.7492,-11.4884,-10.4420,-12.6360,-10.3689,-9.4401,-8.2310,-10.1550,-10.3123,-10.4406,-9.5829
56,H,G,D,56,7.0138,-3.0929,-8.6480,-0.8354,-2.5616,-2.9745,-1.5990,-4.5951,-4.8727,-5.9906,-3.9343,-5.5956,-3.8225,-7.8142,-4.5425,-4.4666,-3.8184,-3.6815,-3.8239,-5.2732,-3.5644
57,H,G,T,57,10.2545,-3.1354,-7.0220,-2.8796,-3.9910,-2.2832,-6.3084,-3.3356,-4.6092,-4.5907,-2.4940,-4.4619,-3.9662,-9.4574,-4.6550,-3.7076,-1.8574,-1.2560,-3.9429,-3.8811,-2.3707
58,H,Y,Y,58,5.0377,-3.7845,-6.7664,-2.8382,-4.9577,-2.4578,-2.5594,-2.3713,-5.7510,-7.7033,-5.3323,-7.1405,-4.2200,-9.2895,-6.5849,-7.2232,-2.9377,-5.2367,-5.4432,-5.1428,-0.5805
59,H,Y,Y,59,1.1447,-8.5827,-8.7928,-8.3891,-10.3516,-4.4297,-11.1773,-5.3427,-12.7699,-9.2904,-6.7907,-10.4593,-7.5053,-13.3774,-9.5377,-8.7430,-6.4243,-9.9443,-11.0334,-7.5441,-0.0218
60,H,A,A,60,1.3629,-0.0519,-7.9123,-5.5764,-6.8357,-9.4832,-4.8990,-6.0763,-10.3234,-8.5150,-7.1415,-9.8537,-7.4132,-4.5584,-7.9635,-7.1078,-4.7230,-5.4832,-4.7176,-10.7772,-8.5876
61,H,D,D,61,2.4779,-3.1379,-10.1041,-0.2142,-2.9818,-8.3724,-4.9157,-4.7112,-9.5776,-6.0547,-6.0678,-8.4191,-5.5882,-3.8561,-4.5369,-5.0342,-3.7099,-5.4068,-5.7646,-7.5574,-6.0102
62,H,S,S,62,1.0447,-6.9430,-12.2776,-10.0465,-9.9366,-8.8150,-12.9499,-10.4283,-12.5425,-10.0553,-10.6283,-11.8024,-8.7833,-11.0563,-11.4722,-10.5272,-0.0061,-5.4568,-8.6144,-10.3523,-10.0981
63,H,V,V,63,1.0012,-11.7680,-15.7692,-17.6810,-13.3131,-15.1717,-15.1104,-19.8942,-10.1556,-15.1733,-10.0761,-11.8238,-17.1902,-15.9055,-15.7177,-16.3282,-17.2728,-12.4337,-0.0001,-17.6128,-18.5983
64,H,K,K,64,1.5776,-5.6789,-12.5504,-9.1343,-4.5055,-7.9017,-10.2676,-8.9315,-6.2999,-0.0863,-5.5674,-4.4142,-7.8945,-10.6141,-5.5465,-3.9324,-7.5348,-3.9107,-5.5043,-7.4772,-7.2912
65,H,G,G,65,1.0046,-9.6759,-13.2631,-8.8364,-9.8223,-13.3779,-0.0004,-12.8662,-14.8807,-11.7164,-14.0786,-14.3670,-11.0495,-15.3083,-12.2621,-10.8216,-9.5393,-11.5760,-10.8695,-13.0091,-12.6385
66,H,R,R,66,1.0035,-13.0204,-12.3770,-13.3442,-13.1945,-14.2994,-13.0369,-9.0634,-16.4676,-9.8222,-10.8838,-13.7571,-11.7645,-15.4249,-9.9388,-0.0003,-11.3580,-11.7572,-16.5826,-10.1912,-13.4433
67,H,F,F,67,1.0178,-11.0000,-8.8988,-11.7968,-14.1979,-0.0021,-11.1260,-10.9735,-11.7898,-16.2184,-6.5294,-9.8369,-12.0756,-17.3556,-13.5349,-16.1290,-9.2790,-12.4407,-11.1213,-9.1724,-8.7141
68,H,T,T,68,1.0947,-6.6784,-13.5693,-11.1978,-9.8191,-9.5354,-11.2120,-10.9558,-6.5318,-9.1743,-8.8387,-8.8495,-8.9084,-13.8650,-10.4613,-8.4382,-4.6271,-0.0142,-7.3988,-12.8795,-11.2473
69,H,I,I,69,1.5388,-10.8468,-13.4208,-14.7414,-13.1434,-12.0886,-10.9543,-14.1214,-0.1667,-15.4713,-10.3396,-11.0177,-13.1546,-12.7129,-11.7517,-16.6140,-11.6074,-9.0535,-1.8751,-16.5227,-15.4533
70,H,S,S,70,1.0455,-6.8640,-11.0158,-9.8733,-11.1796,-7.2594,-8.1111,-9.4451,-10.5277,-10.7198,-9.0185,-10.4140,-8.2453,-13.0223,-9.9708,-9.2782,-0.0054,-6.4347,-9.4466,-11.7049,-7.0313
71,H,R,R,71,3.9593,-2.9577,-10.3105,-7.9235,-3.7659,-10.9490,-7.2608,-9.4213,-2.9762,-3.7677,-4.2014,-6.2681,-7.6083,-8.3624,-7.1240,-0.5368,-6.0802,-2.9512,-1.6512,-8.7218,-9.4002
72,H,D,D,72,1.0917,-8.7729,-12.4193,-0.0131,-5.0163,-10.7995,-9.8021,-5.7244,-10.8873,-10.5807,-8.6820,-11.9490,-6.7088,-13.3852,-6.7910,-10.8181,-9.1395,-11.5007,-9.2153,-13.0067,-9.7755
73,H,N,N,73,3.8010,-4.5936,-9.6625,-1.3316,-4.6342,-9.1642,-7.9767,-8.3521,-3.7976,-7.2466,-6.6912,-5.2432,-0.6060,-8.6272,-7.8363,-8.4592,-3.4389,-2.6807,-3.2602,-8.5480,-8.5449
74,H,A,S,74,1.7610,-2.6091,-11.8822,-4.9493,-7.1198,-5.7011,-5.8220,-8.4685,-6.7850,-7.8541,-5.5325,-7.6586,-5.2566,-5.4839,-7.4088,-6.6885,-0.1289,-4.6895,-5.7692,-7.3821,-5.8690
75,H,K,K,75,1.6407,-6.4226,-13.8409,-8.7208,-3.9264,-11.5266,-6.8380,-9.0307,-10.9214,-0.1084,-4.9777,-4.9115,-6.1585,-19.7043,-3.9572,-3.1191,-8.3243,-9.8960,-10.7476,-12.0180,-11.8569
76,H,N,N,76,1.3198,-8.9360,-10.6390,-4.9876,-5.9375,-11.0261,-7.7435,-7.5987,-11.8897,-4.9642,-10.9677,-9.1309,-0.0531,-16.4570,-6.4527,-6.8026,-3.5077,-6.6445,-10.8024,-10.7007,-9.4367
77,H,T,T,77,1.5725,-6.8941,-10.5765,-9.7192,-9.5872,-12.5269,-12.4350,-11.2468,-4.0264,-9.9935,-8.2248,-6.5960,-7.7108,-17.9382,-9.6059,-9.0859,-2.2962,-0.1316,-6.6232,-13.4948,-13.2674
78,H,V,L,78,3.8050,-5.7760,-9.1950,-7.3006,-6.3924,-7.2766,-7.7871,-7.0164,-1.5339,-8.0317,-0.9533,-3.8513,-6.9478,-11.8482,-5.8841,-8.4763,-7.4960,-3.5685,-1.0913,-9.2013,-6.8178
79,H,Y,Y,79,1.3763,-9.5138,-9.4971,-7.4967,-10.5591,-2.8051,-11.4132,-5.8876,-9.0093,-10.7308,-7.1985,-9.4787,-6.0435,-14.2483,-10.4410,-10.0441,-5.3479,-7.6951,-9.2916,-7.4074,-0.0762
80,H,L,L,80,1.0010,-14.1412,-15.5090,-16.4433,-15.5680,-11.2074,-15.7179,-16.2153,-13.1947,-18.6076,-0.0001,-9.8431,-16.4118,-19.8759,-14.8124,-17.2819,-14.7325,-16.7556,-11.2132,-15.4186,-15.4049
81,H,Q,Q,81,1.0681,-8.0804,-12.5394,-8.2861,-5.1902,-11.4811,-9.0878,-6.5325,-11.5787,-7.9080,-8.3533,-10.1007,-8.3403,-12.3331,-0.0092,-8.1955,-9.2015,-9.0944,-9.7271,-11.6429,-11.1803
82,H,M,M,82,1.0349,-5.9514,-9.7676,-15.3079,-12.7745,-11.5352,-11.0276,-18.7484,-7.3278,-15.3130,-7.7651,-0.0045,-14.9977,-15.9313,-12.8815,-15.2141,-9.8332,-10.0660,-7.4480,-14.8831,-19.5544
83,H,N,N,83,1.0389,-9.6729,-13.3203,-6.3592,-10.9658,-11.1523,-10.3495,-9.2118,-10.4639,-8.6283,-10.4323,-10.2912,-0.0050,-16.6919,-10.4126,-9.3893,-6.0145,-8.8014,-11.5999,-13.2768,-10.6188
84,H,S,S,84,1.3793,-6.9911,-9.0444,-6.6769,-8.4694,-7.7828,-4.8781,-8.2136,-8.7081,-8.0303,-6.8665,-8.7023,-3.2272,-8.8382,-7.7000,-5.2316,-0.0646,-5.6858,-8.4827,-9.2342,-7.2008
85,H,L,L,85,1.0006,-15.4126,-16.3553,-18.3275,-16.0715,-14.2840,-16.1105,-17.2391,-14.3996,-14.6075,-0.0000,-10.1145,-17.9996,-13.9411,-14.4847,-15.2147,-17.8451,-17.9554,-12.1862,-16.3723,-19.2377
86,H,K,R,86,1.5155,-6.2787,-10.4171,-7.7361,-7.1663,-9.8943,-8.1218,-8.0274,-10.3422,-2.5042,-5.3370,-7.1677,-7.5904,-11.4531,-5.6420,-0.1063,-6.8405,-5.4415,-9.2011,-9.0877,-9.8054
87,H,P,T,87,4.9973,-1.4949,-9.7212,-6.6819,-4.8088,-6.5501,-5.0279,-9.8439,-4.4494,-6.0150,-6.0017,-5.8320,-6.6811,-1.8828,-6.3075,-5.6113,-3.8105,-0.9425,-1.7889,-8.7772,-7.2549
88,H,E,E,88,1.1406,-5.9328,-13.9799,-4.1411,-0.0229,-12.2114,-6.4377,-12.8618,-12.3658,-11.3184,-10.2704,-10.2044,-12.1140,-12.5085,-6.4131,-11.1003,-8.1396,-11.2089,-7.8922,-13.6740,-12.8901
89,H,D,D,89,1.0028,-14.2725,-16.4632,-0.0003,-8.3207,-13.7441,-14.6136,-11.5880,-14.5311,-17.9069,-13.1472,-11.6162,-11.0145,-20.1470,-14.9474,-19.1700,-15.9174,-14.0173,-13.5272,-15.6094,-14.1082
90,H,T,T,90,1.0256,-10.3707,-14.9239,-13.7504,-9.8800,-12.8339,-12.4756,-15.9582,-12.6481,-13.1825,-13.3696,-8.1584,-13.3635,-17.6375,-11.8055,-13.3854,-5.7547,-0.0036,-14.3200,-15.3519,-13.8692
91,H,A,A,91,1.0014,-0.0001,-12.4635,-13.1157,-17.0019,-17.3834,-10.2821,-19.5550,-20.3218,-19.8199,-18.0643,-16.3513,-16.5527,-17.6844,-20.1682,-19.0412,-9.4585,-12.7967,-11.9616,-20.9995,-18.4619
92,H,V,V,92,1.1499,-9.2140,-13.1306,-11.1157,-10.5270,-9.1268,-12.5544,-13.9649,-4.7739,-11.9543,-4.4730,-5.6896,-13.0461,-15.1906,-11.9934,-10.1708,-11.9693,-8.2953,-0.0241,-10.7049,-11.9854
93,H,Y,Y,93,1.0201,-13.2651,-9.9637,-13.5833,-15.5035,-5.9600,-15.4521,-9.3480,-13.4296,-15.5387,-11.3132,-13.7675,-12.4771,-17.2310,-15.2524,-14.9339,-12.4099,-14.7692,-11.3263,-12.7010,-0.0028
94,H,Y,Y,94,1.5069,-10.8635,-10.2398,-11.4143,-10.7268,-2.0957,-11.4715,-6.5854,-7.3813,-11.4655,-7.3496,-9.1567,-10.1991,-18.3279,-10.6027,-9.9254,-8.0325,-9.1713,-6.8714,-9.1899,-0.1364
95,H,C,C,95,1.0066,-8.6657,-0.0007,-14.2083,-15.9565,-13.9158,-7.8000,-16.4904,-15.8003,-18.3809,-14.8438,-14.7674,-14.0587,-12.2774,-16.0657,-17.1492,-9.0816,-14.4158,-14.6772,-14.0313,-15.9293
96,H,G,A,96,1.5122,-0.0823,-7.9929,-9.3103,-7.8753,-8.2576,-3.9000,-8.1841,-7.2449,-7.5173,-7.0165,-6.2928,-7.0843,-10.8037,-7.6457,-7.4417,-3.6542,-4.1970,-4.5628,-11.6988,-9.0285
97,H,G,S,97,3.1430,-1.4225,-7.2004,-6.0015,-6.3612,-7.4906,-1.8918,-7.3130,-8.4673,-6.3054,-5.5380,-6.0772,-4.7702,-11.7038,-7.3417,-5.1751,-0.5562,-5.6166,-7.6624,-7.3979,-7.1564
98,H,G,G,98,1.0414,-8.9144,-11.2241,-6.9687,-8.7380,-10.1414,-0.0051,-8.6561,-11.1357,-10.4353,-10.0146,-11.3182,-7.9564,-11.5156,-9.8872,-8.6550,-5.9056,-9.2733,-11.1730,-9.8802,-9.5987
99,H,G,S,99,16.0184,-3.1675,-6.8070,-2.7921,-2.7153,-4.0382,-2.3665,-3.6498,-3.6019,-3.2605,-3.1801,-4.5653,-3.7044,-3.0835,-2.9397,-2.6893,-1.8540,-3.3212,-3.2704,-2.9153,-2.3216
100,H,G,S,100,12.3491,-4.5740,-7.2515,-3.1992,-4.0195,-4.3502,-2.4209,-3.4220,-4.5060,-3.5803,-2.2910,-4.9706,-2.1875,-6.2544,-3.1217,-2.3542,-1.5280,-2.5713,-5.1212,-3.6084,-2.6710
101,H,G,Y,101,12.1397,-4.4582,-6.8658,-2.8454,-3.9418,-3.2979,-3.9971,-3.2653,-3.0225,-5.7328,-2.2009,-5.1597,-3.2851,-5.4821,-3.3417,-3.7580,-2.1035,-3.3022,-3.4147,-2.1270,-1.4407
102,H,G,S,102,10.5815,-2.7718,-6.6436,-1.8920,-2.8302,-3.3410,-2.9057,-2.9809,-5.4997,-6.6316,-5.5199,-6.2856,-2.9207,-5.7034,-4.0891,-5.0399,-1.4160,-3.6689,-4.2259,-2.8047,-1.8941
103,H,G,V,103,8.8968,-4.7336,-5.9512,-3.0657,-4.5318,-4.2824,-3.0738,-4.7938,-1.6658,-6.2529,-4.1792,-4.5628,-2.9717,-6.9045,-4.7630,-4.8943,-2.9750,-1.6367,-1.2895,-4.2273,-3.1641
104,H,G,S,104,8.6748,-2.5261,-6.2690,-2.4762,-3.8344,-4.1160,-3.4492,-3.5929,-5.7983,-5.0469,-5.2613,-5.6726,-2.6209,-5.2635,-4.1328,-3.3263,-0.8812,-3.0596,-4.4858,-3.3946,-2.4905
105,H,G,S,105,10.0117,-3.2366,-6.2157,-3.1358,-3.0742,-4.3194,-4.2767,-3.5063,-5.9147,-4.6112,-4.7308,-5.2175,-2.3099,-5.9714,-2.9533,-3.0895,-1.1785,-2.1295,-4.5413,-4.2971,-2.0062
106,H,G,Y,106,10.0911,-4.0889,-7.5735,-2.8195,-2.8295,-3.1827,-4.5894,-3.4943,-3.3174,-5.1598,-2.7611,-5.3013,-3.8471,-6.7078,-3.9287,-4.3279,-2.9000,-4.0348,-2.9854,-1.8104,-1.1099
107,H,G,D,107,10.1070,-3.2769,-7.1409,-1.4381,-2.2725,-3.8657,-2.0845,-3.8737,-5.7997,-5.1472,-4.5362,-6.1421,-3.4792,-3.9654,-4.3446,-4.0449,-1.9411,-4.8613,-4.7172,-3.3230,-1.8536
108,H,G,V,108,7.2315,-1.6139,-6.2807,-3.1834,-3.5923,-4.6351,-3.7079,-4.5130,-3.7684,-6.6315,-5.3700,-5.8554,-4.5512,-6.8251,-4.5050,-6.1237,-2.7900,-2.3725,-0.8943,-4.0360,-3.0617
109,H,G,F,109,2.2558,-6.2541,-7.4413,-6.4531,-8.2895,-0.3582,-8.0398,-4.5555,-8.2114,-8.4379,-5.4461,-6.4949,-6.1534,-9.4979,-8.9837,-9.5976,-5.4759,-8.2072,-7.9730,-4.4296,-1.3453
110,H,G,D,110,1.9875,-4.2932,-9.4376,-0.1374,-3.2585,-7.2927,-4.7275,-5.4986,-5.9587,-5.7485,-5.8528,-6.4644,-4.7156,-10.1519,-4.8565,-5.8542,-4.3158,-4.6112,-5.1067,-7.1370,-5.9661
111,H,G,Y,111,5.7703,-3.8575,-5.6250,-2.7799,-5.3151,-2.9617,-6.4147,-2.2030,-4.4507,-6.8725,-5.6284,-6.2766,-3.9718,-6.9790,-6.3440,-6.7315,-2.2390,-4.1173,-3.1894,-3.9402,-0.6538
112,H,W,W,112,2.5073,-8.1471,-8.8339,-4.8021,-7.7738,-2.4491,-6.4643,-5.1724,-6.0937,-7.8689,-3.4548,-4.5937,-7.5630,-11.7954,-7.6897,-6.6573,-5.4205,-7.4862,-5.5102,-0.2575,-2.6781
113,H,G,G,113,1.0875,-5.5562,-9.7871,-5.9520,-9.6145,-12.0581,-0.0129,-11.3980,-14.0571,-12.7629,-11.8881,-12.4725,-9.6641,-10.1274,-11.4760,-12.7643,-5.1167,-9.7334,-11.3020,-12.6659,-13.0145
114,H,Q,Q,114,2.0508,-5.4692,-8.4931,-7.2611,-6.5145,-8.0842,-5.3610,-3.6640,-7.8092,-5.1968,-4.1031,-7.2064,-6.3547,-3.2092,-0.1515,-4.1096,-5.3807,-5.0259,-6.5950,-4.9091,-6.3917
115,H,G,G,115,1.0000,-13.0916,-16.3852,-15.9611,-16.1663,-19.4848,-0.0000,-18.0713,-22.1913,-16.9110,-16.1330,-20.0999,-17.0149,-15.7468,-17.8176,-16.3136,-15.0453,-18.9458,-16.9300,-16.7146,-17.5610
116,H,T,T,116,1.1550,-5.5393,-10.0916,-11.1275,-11.1463,-11.5490,-9.5025,-11.8949,-6.7615,-10.7771,-11.7574,-10.6726,-8.0946,-12.2633,-11.7088,-11.5255,-4.3189,-0.0246,-5.2338,-12.3671,-11.4223
117,H,Q,L,117,2.4910,-4.5464,-8.4513,-6.0831,-5.9765,-6.7506,-6.8673,-7.0429,-8.5671,-7.0673,-0.3219,-6.0141,-8.3814,-1.5828,-4.9888,-5.6489,-5.2900,-5.0775,-4.2054,-4.7838,-6.0062
118,H,V,V,118,1.0368,-11.1269,-13.2599,-16.4725,-14.0371,-13.4755,-11.7498,-16.2292,-6.9578,-14.6639,-5.4740,-10.0169,-14.7817,-15.6113,-14.8764,-15.4547,-14.7571,-9.8563,-0.0053,-15.7869,-15.1859
119,H,T,T,119,2.6352,-6.7971,-10.1162,-7.5388,-8.5097,-8.0432,-10.3616,-9.3986,-1.1675,-8.5740,-6.3046,-6.4603,-6.3218,-11.7538,-8.3291,-9.6950,-5.4886,-0.5310,-2.4246,-9.5335,-9.4018
120,H,V,V,120,1.0105,-11.8620,-13.1546,-18.7756,-16.8767,-15.1898,-16.3860,-20.3425,-6.6419,-16.6924,-13.7890,-13.7107,-16.9730,-18.3036,-17.5730,-15.9533,-14.8413,-10.3766,-0.0013,-18.7785,-17.6161
121,H,S,S,121,1.0999,-6.4707,-7.6000,-8.0736,-9.7050,-6.4428,-9.4454,-9.1881,-8.9815,-7.8418,-5.6079,-7.9491,-7.9226,-12.5782,-8.9722,-8.5906,-0.0126,-6.2432,-7.4434,-10.5646,-7.5563
122,H,S,S,122,1.1554,-4.9781,-9.1838,-8.7232,-8.9813,-11.1159,-4.9014,-10.4378,-9.5931,-8.8716,-8.7064,-10.1034,-8.2866,-5.9629,-7.6198,-6.7143,-0.0222,-6.2349,-8.1544,-12.0926,-10.3681
123,T,G,Q,123,1.5183,-5.9720,-9.6324,-3.7656,-3.7600,-9.2748,-7.9734,-4.2520,-9.7317,-7.8716,-6.5753,-7.6339,-5.8445,-6.9635,-0.0817,-7.6804,-5.0019,-8.3437,-7.8374,-9.6713,-7.3384
124,T,T,T,124,6.4965,-2.7147,-9.1046,-5.5306,-4.9234,-5.9382,-6.3222,-8.0498,-2.1460,-6.6023,-2.1001,-4.3740,-5.1706,-7.7030,-3.1382,-3.7908,-3.4380,-0.8831,-1.9452,-6.8176,-5.9673
125,T,D,L,125,2.6256,-4.2707,-8.3354,-6.0466,-4.7705,-6.4917,-8.2412,-9.1221,-6.4705,-8.5641,-0.2809,-4.2414,-5.6294,-2.7216,-4.5467,-7.4371,-4.9037,-5.8725,-2.2011,-9.6703,-8.2390
126,T,I,V,126,4.1247,-3.8555,-9.2387,-9.6120,-7.2039,-5.4142,-10.9117,-11.3527,-2.3237,-7.9617,-1.6631,-1.3637,-9.4688,-11.7330,-6.2758,-8.8961,-7.0036,-5.5680,-0.8615,-11.9103,-7.4699
127,T,T,T,127,1.0425,-9.1755,-11.9163,-11.7139,-7.0643,-15.5678,-8.6004,-14.6755,-11.1418,-12.9810,-10.9004,-11.3379,-11.2696,-15.2228,-6.7541,-13.3245,-5.7342,-0.0057,-11.0626,-16.7065,-15.3724
128,T,N,S,128,9.4507,-2.5833,-6.9085,-3.1825,-2.1339,-6.4266,-4.0191,-4.5675,-6.3633,-3.0737,-3.6813,-5.5733,-3.0146,-3.7420,-2.8276,-2.3982,-1.0463,-2.8013,-4.4342,-6.5506,-4.7541
129,T,Q,Q,129,5.1184,-3.1739,-8.6118,-2.8967,-2.3681,-6.1783,-7.8510,-6.4601,-10.2289,-2.4097,-3.0185,-4.9135,-5.2458,-11.4822,-0.6346,-2.2589,-4.2304,-6.1650,-8.6464,-9.3579,-6.1328
130,T,L,L,130,1.5200,-3.9570,-7.7831,-10.4928,-5.8383,-6.6760,-10.2431,-9.2426,-5.1667,-3.8417,-0.0794,-4.5077,-7.8656,-8.3976,-5.6048,-8.4670,-9.8701,-7.6683,-4.7917,-10.2093,-7.0003
131,T,T,S,131,1.6128,-5.6072,-11.1443,-8.3888,-9.6224,-9.1135,-6.6719,-10.2915,-7.2770,-7.8825,-8.7093,-9.9181,-6.1656,-8.0471,-9.2033,-5.9663,-0.1556,-2.0246,-8.7038,-11.6226,-9.0136
132,T,N,S,132,2.9493,-3.9209,-8.6337,-3.2599,-4.9761,-3.4690,-2.7224,-6.3050,-6.6876,-6.1760,-4.7947,-8.1719,-4.2999,-7.0602,-4.7575,-6.5352,-0.2730,-3.7163,-6.1051,-8.1454,-4.4434
133,T,V,V,133,2.1220,-5.6801,-9.1341,-8.1409,-7.4919,-10.6117,-8.2655,-11.4740,-5.9456,-3.9846,-5.9143,-6.7634,-8.1764,-6.1013,-4.5933,-5.4510,-6.2816,-1.7044,-0.2619,-11.8257,-10.6988
134,T,T,S,134,5.0180,-3.6587,-8.4821,-5.5592,-5.3700,-6.0361,-4.4941,-5.4721,-7.3526,-4.1037,-6.0046,-8.0430,-3.0929,-7.1909,-2.3563,-2.8500,-0.7033,-1.5219,-4.6516,-6.9585,-5.2377
135,T,V,M,135,4.0961,-1.5947,-3.7671,-7.8402,-5.0715,-6.8622,-8.9962,-9.1556,-7.1809,-7.7795,-10.7953,-0.9391,-7.0295,-11.6604,-3.5625,-8.5101,-4.6414,-4.2992,-1.1366,-9.1586,-9.0650
136,T,G,S,136,1.1716,-5.1620,-11.9537,-7.4061,-7.9999,-10.4311,-5.7252,-11.8420,-11.5169,-7.0321,-8.8419,-10.2247,-4.9069,-12.3813,-7.2383,-7.1455,-0.0245,-5.4640,-12.8352,-12.0894,-11.2118
137,T,I,L,137,1.3538,-9.3175,-10.3673,-10.3472,-6.7593,-7.1840,-8.8990,-9.8429,-2.9037,-8.5554,-0.0692,-8.0009,-8.8657,-14.2185,-6.2584,-6.9146,-7.7330,-7.8367,-5.6465,-6.3570,-9.3648
138,T,D,S,138,1.7839,-5.7266,-10.7393,-7.6158,-8.3409,-6.9981,-6.9132,-8.3427,-6.8871,-6.9363,-4.6070,-8.8964,-4.7752,-9.2970,-5.7998,-5.5451,-0.1627,-2.1637,-8.5987,-9.3507,-6.6924
139,T,S,G,139,1.0770,-9.4262,-10.6938,-7.6385,-8.2169,-8.5200,-0.0093,-7.6631,-9.9484,-8.1827,-6.6958,-11.2614,-8.8096,-6.0727,-6.5138,-7.0398,-7.3112,-8.9654,-8.8566,-10.4053,-7.9286
140,T,G,P,140,1.4611,-5.0633,-11.5397,-4.2081,-5.6608,-8.2287,-3.7976,-7.6930,-9.7137,-6.7805,-5.9675,-9.8709,-5.8734,-0.0690,-5.4268,-7.7602,-5.1321,-7.4364,-9.5061,-9.4693,-7.1528
141,T,T,D,141,10.2689,-3.1986,-8.6781,-1.2410,-4.0651,-4.3722,-3.2200,-4.8037,-4.0087,-4.5326,-4.6824,-5.4645,-2.1584,-2.1768,-4.1050,-2.9369,-2.2157,-2.2897,-4.1709,-6.3098,-3.7497
142,T,T,S,142,6.0080,-3.7172,-9.6853,-3.9853,-6.0779,-2.8814,-8.5896,-5.8894,-3.8803,-4.5312,-4.4893,-7.3380,-2.7759,-7.4169,-5.1792,-5.3201,-1.1170,-1.1259,-5.1835,-8.2847,-2.1074
143,T,V,V,143,1.2170,-9.3283,-13.9285,-10.6054,-8.6155,-10.9103,-12.4634,-10.9792,-3.5020,-8.5318,-4.6796,-9.7631,-9.6852,-13.7132,-8.9692,-10.8029,-11.1091,-10.0756,-0.0411,-14.7836,-12.4540
144,T,Y,Y,144,7.4131,-5.4670,-7.7593,-2.5828,-3.8503,-3.4296,-4.4658,-3.4265,-7.0080,-4.3904,-2.7307,-5.5318,-1.5666,-7.1398,-4.1115,-4.0000,-2.2250,-4.4008,-7.4699,-5.3490,-0.9949
145,T,P,P,145,1.6243,-3.9756,-7.1641,-6.6354,-6.7219,-5.9858,-5.2392,-7.3738,-6.4554,-6.4254,-6.3751,-6.0655,-5.2246,-0.0901,-6.1059,-6.1053,-3.5304,-6.1707,-5.4486,-8.1123,-5.9642
146,T,H,F,146,10.0210,-5.3163,-5.6080,-1.8646,-3.6156,-1.5898,-2.5534,-3.8324,-9.6181,-4.5112,-2.5246,-3.9578,-1.9324,-7.5573,-4.2900,-3.2345,-4.3742,-7.9183,-10.0658,-3.1949,-1.9414
147,T,Q,Q,147,2.1822,-9.7554,-8.5131,-6.4756,-2.1891,-8.7630,-7.8542,-6.2311,-8.3086,-4.5152,-4.0378,-5.2691,-3.5283,-14.5292,-0.2179,-4.3418,-7.6621,-6.1157,-9.3248,-9.8109,-8.0465
148,T,A,G,148,2.5047,-1.6158,-6.2872,-5.9902,-7.8678,-5.0727,-0.3562,-6.7285,-8.8081,-7.0299,-8.1162,-8.2682,-4.9268,-8.7763,-8.3693,-7.9338,-2.6119,-7.8357,-9.0860,-8.9097,-5.2718
149,T,G,G,149,1.0003,-14.3488,-16.5143,-13.7260,-13.3018,-16.7476,-0.0000,-16.8920,-11.4408,-15.5210,-14.3588,-17.0575,-12.5179,-15.4963,-15.9634,-15.8468,-13.9201,-17.5058,-16.1040,-18.2815,-17.3248
150,T,Y,F,150,4.4668,-4.2836,-6.9976,-5.8245,-6.1045,-0.9348,-8.0473,-2.3295,-8.2532,-3.9311,-7.7872,-7.3743,-2.9251,-12.0398,-6.7897,-5.9213,-3.6166,-4.9035,-8.3653,-5.0310,-0.9933
151,T,V,V,151,4.0635,-1.7716,-7.2496,-4.8033,-4.8000,-7.3685,-6.1789,-7.4107,-3.2755,-5.0024,-3.3356,-4.0889,-3.9313,-10.0761,-4.5983,-6.4151,-3.7700,-3.2330,-0.4809,-10.8689,-7.6009
152,T,K,N,152,6.6114,-7.6151,-7.6668,-4.2377,-7.3514,-6.4957,-8.8189,-6.7118,-1.6909,-3.5346,-4.3304,-1.8388,-1.0122,-14.3194,-5.1312,-4.1440,-3.3083,-2.0964,-3.3848,-4.2077,-6.2364
153,T,L,V,153,2.9561,-7.0792,-7.9257,-7.2436,-10.7111,-4.3469,-9.2435,-9.2444,-0.9646,-10.4479,-2.2312,-5.8035,-6.7888,-15.1124,-8.8811,-9.5130,-6.1804,-7.8802,-0.7175,-6.7185,-7.9182
154,T,N,S,154,3.7194,-3.5739,-6.1843,-8.6826,-4.6901,-6.5647,-3.8899,-7.2235,-6.4757,-1.6462,-8.1651,-6.8308,-5.5104,-7.7971,-3.7769,-6.2885,-0.5431,-2.0527,-5.6955,-9.1731,-8.2496
155,T,Y,C,155,2.3273,-7.6959,-0.2373,-9.5258,-8.3713,-4.3018,-8.3214,-6.2588,-6.2388,-8.8194,-3.5230,-4.7947,-7.8323,-14.3313,-4.1427,-4.2762,-5.5383,-8.4014,-7.1613,-2.1391,-6.1989
156,T,G,K,156,3.4783,-4.2514,-9.7290,-6.4502,-3.8916,-6.0824,-4.9317,-5.1030,-6.7203,-0.5836,-7.3966,-7.4165,-4.5816,-12.2638,-1.1728,-3.2713,-4.3037,-4.3512,-7.2696,-7.3723,-6.0285
157,T,F,F,157,5.0372,-3.5635,-6.9373,-4.8071,-6.1984,-0.5597,-2.8716,-3.7517,-7.2876,-3.0448,-4.2787,-5.8150,-3.9151,-6.3168,-5.4322,-4.2608,-1.9325,-3.0962,-6.4942,-6.8298,-4.5033
158,T,S,N,158,4.2147,-4.8279,-11.6016,-2.7744,-6.4161,-8.0521,-6.9984,-7.1663,-4.9303,-2.9214,-7.3051,-7.4701,-0.6415,-8.3807,-5.1053,-4.2625,-2.3167,-1.5281,-7.3682,-9.9988,-7.5630
159,T,V,T,159,5.6192,-3.3236,-8.9398,-6.7608,-7.2394,-5.7805,-7.2011,-6.9408,-1.8080,-5.4166,-3.0462,-7.8641,-3.4575,-5.6456,-7.9639,-5.1222,-1.3878,-1.0183,-2.4277,-9.4423,-8.0617
160,T,P,P,160,1.0650,-8.2605,-12.1648,-8.6681,-11.8770,-10.3960,-6.8220,-10.0480,-8.7957,-10.7364,-8.9308,-13.1412,-8.8549,-0.0093,-11.7195,-9.5620,-4.9799,-8.8625,-9.3226,-11.7191,-9.8036
161,T,N,S,161,5.4854,-2.3043,-9.4827,-2.2024,-5.5908,-5.7437,-4.3801,-5.6556,-7.2794,-3.9153,-7.0597,-9.2409,-1.5055,-4.7581,-6.9928,-4.6905,-0.8452,-2.7659,-5.1886,-8.4584,-5.0734
162,T,S,G,162,8.1804,-1.5443,-8.1282,-1.8716,-2.5680,-4.8280,-1.3548,-5.7814,-4.0563,-4.1571,-4.1979,-6.1387,-3.8902,-11.3161,-4.7498,-3.9216,-1.9632,-4.4642,-3.6401,-7.3181,-4.7461
163,T,A,F,163,4.9808,-1.2776,-5.8220,-4.8945,-5.5586,-1.1476,-5.1143,-5.1863,-4.3580,-4.2178,-4.9907,-5.2619,-4.4927,-13.9930,-6.4200,-6.8009,-5.6834,-4.9163,-1.2367,-10.5118,-3.7524
164,T,V,S,164,2.6990,-5.5932,-9.8376,-6.8900,-8.1626,-5.4089,-7.5189,-6.1369,-4.5109,-3.7126,-4.5115,-7.1830,-3.9228,-6.7767,-6.4066,-3.3287,-0.2867,-2.0722,-5.7996,-7.4940,-6.2257
165,T,K,S,165,4.4102,-1.9160,-10.1696,-5.3729,-7.0808,-3.6230,-1.3859,-7.1780,-3.9881,-4.1582,-6.1028,-6.9016,-4.4705,-7.2779,-7.5053,-6.0107,-0.7250,-3.6944,-5.2910,-9.3778,-5.8549
166,T,G,G,166,1.0214,-9.9440,-14.7859,-7.6819,-9.8597,-9.6551,-0.0023,-10.0100,-12.9957,-9.8471,-12.2615,-13.2091,-7.6764,-13.7133,-10.4218,-10.3693,-7.8291,-10.1471,-12.6854,-10.5773,-7.3950
167,T,D,D,167,1.2153,-5.6474,-10.8787,-0.0333,-7.0246,-10.2803,-4.3403,-6.9735,-11.4418,-9.7057,-11.0049,-10.1385,-4.5914,-13.5655,-7.8749,-13.2373,-5.7509,-8.2497,-10.8756,-13.1649,-8.6945
168,T,T,R,168,4.8745,-3.3969,-8.0276,-7.4378,-5.5037,-9.2919,-7.5054,-7.2920,-6.6665,-2.3980,-7.9356,-7.9082,-4.9604,-7.4449,-2.9812,-0.9861,-1.9981,-1.2068,-6.7716,-10.9112,-9.6763
169,T,F,F,169,1.0650,-6.1513,-10.6931,-12.4787,-13.2638,-0.0084,-13.2994,-11.5662,-6.6196,-12.3402,-9.7184,-9.3378,-12.8105,-14.2540,-13.0390,-12.6227,-10.2761,-6.1236,-6.2605,-8.5853,-7.7740
170,T,K,T,170,4.1489,-7.1068,-9.3445,-7.5596,-7.0735,-5.7996,-8.0856,-6.2358,-3.0975,-1.4521,-7.1893,-4.6792,-2.9712,-8.8559,-6.0501,-3.1631,-2.9074,-0.6111,-6.0219,-7.0812,-5.0355
171,T,I,L,171,1.2648,-12.1565,-11.6152,-13.6484,-12.0024,-6.7563,-12.7284,-12.5829,-3.3655,-11.7273,-0.0502,-6.6181,-11.5646,-16.1869,-11.0598,-11.3508,-10.9099,-11.7003,-4.4464,-9.2965,-12.0647
172,T,T,S,172,3.9077,-4.6449,-8.8350,-5.7814,-6.2367,-5.1848,-3.7393,-5.4899,-5.5417,-2.3227,-6.2772,-6.7997,-2.7522,-10.1533,-4.4850,-5.8545,-0.5148,-1.7928,-7.4586,-7.8013,-5.5990
173,T,V,V,173,4.4212,-6.9934,-2.7109,-7.6216,-7.4384,-4.1050,-7.0895,-4.8289,-1.0412,-7.1080,-3.0112,-3.6647,-4.8687,-11.2823,-6.0872,-4.8940,-7.0557,-4.7927,-0.8302,-4.3298,-6.3455
174,T,P,P,174,2.2159,-6.2421,-10.6888,-3.2614,-9.1260,-10.3289,-4.7180,-9.1367,-9.9179,-7.6249,-9.4155,-12.5098,-6.0077,-0.2881,-9.6831,-9.1886,-1.7063,-4.1343,-10.9434,-12.5610,-10.6903
175,T,K,S,175,6.6943,-2.0563,-9.8525,-2.1985,-4.2936,-6.1750,-5.6384,-4.8990,-7.2233,-1.9761,-5.8661,-7.7109,-2.8735,-3.7403,-5.6768,-3.9402,-0.8894,-2.8163,-5.1678,-7.5448,-4.4544
176,T,E,A,176,5.6339,-0.8460,-8.7752,-2.9657,-1.4808,-6.4182,-3.3743,-6.6499,-7.3622,-5.8105,-2.7833,-8.3304,-4.7764,-10.7249,-4.6925,-6.4694,-2.2116,-3.0666,-4.5004,-8.9651,-6.0483
177,T,L,L,177,2.4653,-6.0743,-6.2041,-7.7125,-8.9336,-1.3661,-8.6371,-7.3940,-5.2408,-6.2370,-0.3899,-6.0737,-6.6062,-13.8025,-7.8211,-5.9284,-8.7040,-7.2079,-3.1727,-6.2963,-5.6725
178,T,N,K,178,7.8441,-3.1118,-7.8853,-4.5248,-4.7661,-6.1833,-5.8429,-6.5888,-3.4212,-1.2453,-2.2778,-4.0327,-2.6295,-11.5588,-4.2876,-3.6172,-1.4800,-1.9923,-4.6817,-7.8680,-6.0841
179,T,L,I,179,3.1817,-5.4173,-10.2610,-7.8215,-9.0787,-5.3579,-7.4234,-9.4916,-0.6216,-7.9003,-1.3009,-6.7180,-7.2943,-5.8988,-9.3991,-7.6013,-7.8721,-5.7305,-1.8452,-6.8263,-4.4225
180,T,N,S,180,6.0680,-1.1295,-3.8200,-4.6742,-3.9931,-7.0829,-2.6122,-6.2777,-8.0115,-6.6917,-6.3194,-3.5960,-2.3181,-11.4346,-3.7296,-3.2770,-1.0779,-4.8922,-4.7288,-8.7034,-5.7549
181,T,G,G,181,1.0156,-9.6912,-12.0034,-8.6530,-8.9630,-11.4438,-0.0016,-10.6163,-13.3139,-10.1415,-10.7461,-11.5276,-7.9804,-11.7665,-8.1382,-8.1586,-8.8025,-12.4048,-13.7780,-11.3188,-10.3524
182,T,V,D,182,7.4388,-4.4838,-8.4694,-1.1359,-4.7420,-4.6064,-2.5727,-4.2453,-6.7397,-5.3516,-7.9622,-8.1736,-1.9903,-1.5205,-6.0562,-3.8355,-4.3501,-3.2569,-4.7448,-4.4700,-2.2956
183,T,T,H,183,10.4703,-4.8006,-8.2387,-2.8086,-4.1190,-3.5883,-2.3343,-1.4790,-3.3782,-3.7976,-3.4396,-5.4902,-1.5265,-7.9402,-3.3358,-2.4179,-4.5501,-2.6694,-4.5075,-7.7638,-3.3190
184,T,S,S,184,6.0097,-3.8591,-11.2020,-2.1449,-4.7555,-4.9769,-5.1745,-4.9601,-4.3622,-3.0216,-5.4838,-6.6150,-2.3083,-4.2534,-5.3748,-3.5118,-0.7400,-2.0139,-5.3606,-7.4456,-5.9202
185,T,T,G,185,4.0904,-3.7874,-10.1127,-2.1609,-3.1524,-8.7153,-0.5048,-7.2803,-5.9176,-5.6422,-7.8483,-7.7767,-5.0670,-7.7038,-6.5856,-3.1405,-2.2831,-2.9635,-6.4181,-7.7473,-7.2213
186,T,A,A,186,1.2836,-0.0432,-9.7306,-6.6424,-8.3504,-9.4148,-4.5793,-8.5084,-9.8760,-7.4508,-9.9443,-9.8003,-4.9581,-11.0554,-7.7706,-6.2872,-4.2432,-5.2169,-8.4793,-12.0986,-9.5289
187,T,K,T,187,4.5899,-5.0957,-10.1436,-5.2638,-6.7973,-6.8314,-6.3925,-6.7086,-3.9850,-2.4367,-5.7105,-8.4038,-3.2532,-2.7229,-5.6851,-3.0420,-1.9724,-0.5657,-4.7268,-8.0972,-6.0672
188,T,V,V,188,4.7863,-3.1942,-6.2307,-6.7843,-7.8561,-3.7862,-4.5559,-6.1321,-1.5443,-6.8842,-3.3386,-7.6743,-4.4035,-6.9283,-7.2276,-5.8157,-4.8182,-2.2343,-0.6665,-5.2730,-3.9631
189,T,P,P,189,2.7452,-3.4445,-9.9567,-3.5030,-3.8195,-3.6515,-4.8475,-4.8239,-6.9821,-5.2566,-4.1376,-7.8922,-5.5579,-0.2246,-5.4426,-4.8408,-5.5714,-4.8484,-4.4182,-6.7566,-4.4313
190,T,P,A,190,3.7145,-0.4216,-8.4874,-3.4486,-6.0199,-6.4221,-5.8956,-6.6779,-7.0921,-5.1917,-7.0732,-8.0623,-4.2356,-2.9051,-5.6792,-4.2251,-2.1075,-2.6924,-4.2085,-7.0577,-5.4903
191,T,I,I,191,5.2227,-2.9293,-8.1235,-6.5233,-7.4650,-6.2670,-7.9028,-7.8678,-0.9624,-6.0131,-2.7038,-4.3365,-5.7960,-9.9997,-6.6493,-3.4655,-5.1840,-1.7331,-1.3654,-5.7666,-7.2071
192,T,M,F,192,4.7802,-3.1939,-6.7983,-7.9156,-5.9412,-0.8330,-5.3357,-5.4043,-9.7152,-5.8111,-3.9955,-1.1283,-4.7731,-9.6535,-3.4983,-6.2138,-3.1499,-5.0292,-9.0275,-5.5430,-2.6369
193,T,A,S,193,7.6822,-2.2478,-5.0553,-1.7682,-5.1867,-1.8470,-5.5267,-2.5452,-7.0127,-5.6108,-5.0384,-7.4715,-3.3604,-12.4496,-4.3946,-7.0107,-1.2447,-5.2130,-4.8094,-5.6919,-2.2346
194,T,G,G,194,1.5216,-4.7202,-10.9550,-2.9695,-4.5068,-7.9261,-0.0896,-8.5334,-8.7283,-6.4124,-7.1479,-10.5175,-5.8435,-9.9080,-6.8553,-7.2335,-5.6356,-6.5362,-8.1952,-7.6607,-7.1398
195,T,D,T,195,5.4656,-2.4736,-9.2088,-1.4495,-4.3448,-8.3927,-4.4259,-7.1046,-6.8155,-6.4546,-7.1021,-7.5046,-1.6497,-7.4564,-5.9995,-6.2274,-2.1835,-1.1003,-4.9122,-7.4077,-7.8353
196,T,Q,K,196,2.6337,-6.3825,-12.2929,-7.8085,-5.4300,-8.5013,-11.0360,-4.4436,-7.7886,-0.3178,-7.1037,-7.8262,-4.6447,-10.1251,-1.9244,-2.7991,-5.2067,-3.5153,-8.8920,-11.2516,-8.2158
197,T,V,T,197,3.9829,-6.3284,-10.8782,-9.2124,-5.6077,-7.8780,-10.2582,-7.7513,-1.0433,-3.0923,-5.7285,-6.8497,-5.9835,-4.8562,-4.7432,-5.0499,-7.2572,-0.9465,-1.7316,-10.0607,-8.0366
198,T,L,L,198,2.5842,-3.5310,-9.9606,-4.3863,-4.3467,-3.2268,-10.9361,-4.9293,-4.9149,-4.8402,-0.2313,-5.7452,-6.7991,-9.9642,-5.7631,-6.7504,-5.6570,-4.6364,-2.7403,-8.4861,-5.8237
199,T,A,A,199,1.5595,-0.0877,-4.7541,-10.0512,-10.3253,-3.9324,-6.6378,-10.0313,-7.4489,-9.5291,-4.4625,-4.1497,-9.2350,-16.2564,-10.1971,-8.5321,-3.8351,-6.0596,-6.4627,-9.1356,-7.8092
200,T,N,T,200,2.0741,-5.9273,-11.1748,-7.6827,-6.2296,-5.8819,-7.3624,-6.7542,-5.0100,-4.9133,-5.9172,-8.0578,-5.0213,-14.6470,-6.4905,-3.4234,-2.4697,-0.1803,-5.3227,-7.5799,-4.8880
201,T,G,G,201,1.9261,-2.2283,-4.6925,-8.8893,-9.2812,-5.6252,-0.1830,-10.4769,-7.4775,-10.4945,-4.3208,-6.8659,-9.0294,-6.5414,-8.9757,-8.7123,-3.5959,-7.0349,-7.0343,-7.6701,-9.6823
202,T,V,K,202,6.0241,-4.2795,-10.4068,-6.4327,-5.0462,-6.1656,-5.5313,-4.9749,-5.2779,-1.2824,-6.9257,-7.7680,-3.6822,-8.1358,-2.0001,-3.0983,-1.5333,-1.3818,-5.6874,-7.0689,-5.4886
203,T,I,R,203,6.0294,-4.6834,-7.3248,-8.0254,-3.5642,-5.6958,-7.1817,-9.2305,-2.9072,-3.1693,-3.2670,-4.5516,-6.5282,-6.5014,-2.9036,-0.8989,-2.6361,-1.3535,-4.0952,-9.5160,-7.8416
204,T,D,D,204,3.3273,-5.9379,-11.6474,-0.8607,-8.1188,-9.4431,-3.5854,-8.9862,-6.8788,-7.7003,-8.6926,-10.3893,-2.2126,-10.9154,-8.5199,-8.7665,-3.8279,-0.8887,-6.4060,-11.7113,-8.5574
205,T,S,S,205,3.4932,-3.0835,-10.6493,-3.8161,-5.7302,-6.1582,-3.5506,-7.0330,-4.4473,-4.2442,-5.3046,-6.3182,-3.2777,-6.2879,-4.7171,-4.2845,-0.3433,-2.4843,-4.8350,-8.9725,-6.7252
206,T,D,S,206,1.6052,-3.9971,-13.3883,-3.1032,-6.5952,-10.2924,-4.8842,-9.8701,-11.7834,-7.7715,-9.9068,-9.6287,-4.5122,-13.9930,-8.4286,-7.5472,-0.1038,-4.2727,-11.1680,-11.9077,-10.0087
207,T,G,G,207,1.5129,-6.7426,-11.5671,-6.6899,-6.6232,-10.1763,-0.0798,-5.7423,-8.8606,-4.3979,-7.7831,-9.1545,-3.9036,-12.2627,-6.2867,-6.3006,-3.7942,-4.6136,-8.7493,-10.9735,-8.3120
208,T,N,N,208,3.0643,-5.3348,-10.0224,-1.8314,-5.0092,-7.1668,-6.7617,-6.3490,-7.6748,-3.2345,-7.8979,-6.1150,-0.3919,-15.5845,-6.3015,-7.4320,-2.8451,-3.1160,-8.6196,-10.1094,-6.6381
209,T,V,A,209,6.4628,-0.7028,-6.0006,-5.3227,-5.6164,-2.8021,-6.8707,-3.1087,-4.0722,-4.6339,-3.4357,-5.1840,-3.0825,-9.3281,-4.5308,-4.2495,-2.2302,-2.2889,-5.2594,-5.6089,-3.3768
210,T,I,V,210,10.5008,-3.5308,-7.2866,-2.7584,-3.8797,-4.1690,-7.8264,-4.3347,-2.4727,-2.1642,-2.5774,-2.9901,-2.2582,-6.8911,-3.9543,-4.4355,-2.5003,-4.1172,-1.2546,-5.3982,-4.9715
211,T,Y,F,211,1.5133,-6.9439,-6.8620,-7.2589,-9.2373,-0.1080,-9.4690,-7.5748,-8.6244,-10.9092,-4.4557,-7.0731,-7.6503,-13.7658,-10.2775,-10.8790,-6.3441,-10.3728,-7.7250,-6.5942,-2.4993
212,T,T,T,212,1.5367,-6.5955,-8.8163,-10.1757,-7.6712,-9.3178,-6.7095,-9.1962,-6.8685,-4.9171,-11.1957,-8.4993,-5.7049,-13.9936,-6.0430,-3.6760,-3.0924,-0.0938,-7.8067,-11.0270,-7.3224
213,T,F,F,213,3.1513,-4.9251,-5.6282,-8.8980,-8.5524,-0.4817,-9.0187,-9.1192,-4.2845,-8.0393,-1.8486,-5.7771,-7.6775,-11.5958,-9.9477,-6.7384,-4.9181,-4.7519,-1.7456,-6.4372,-6.0237
214,T,T,T,214,1.9777,-6.3284,-10.0006,-5.9340,-9.7099,-9.6630,-5.6434,-9.6531,-8.5797,-7.5788,-9.9127,-10.8202,-6.2739,-10.4437,-10.1355,-7.4296,-1.2466,-0.3556,-9.0795,-11.0096,-9.3774
215,T,D,S,215,1.4771,-5.6109,-10.4875,-3.3844,-7.7068,-6.9373,-4.3865,-7.1576,-10.9354,-7.7392,-10.1394,-11.8608,-4.4015,-6.7413,-9.4348,-6.3075,-0.0767,-5.8522,-10.4773,-7.6342,-6.0599
216,T,Y,V,216,1.3913,-8.4040,-11.7661,-9.5508,-11.2800,-9.2495,-13.1712,-8.6233,-6.0741,-8.6384,-10.4691,-10.4333,-8.3832,-14.9663,-10.6359,-9.6664,-10.3976,-2.4123,-0.0978,-13.0448,-9.3253
217,T,V,V,217,1.2070,-7.1586,-9.5628,-10.2875,-11.4670,-7.0585,-10.8113,-10.6440,-5.7195,-10.7660,-7.8905,-10.3385,-8.6310,-10.7533,-12.3486,-10.0988,-9.4817,-3.4430,-0.0388,-10.7901,-8.3115
218,T,N,S,218,5.9352,-1.9213,-6.8041,-2.1244,-4.4940,-7.1108,-1.4495,-7.8834,-8.5855,-4.7488,-7.1634,-6.2056,-3.6323,-10.2810,-6.9181,-2.2486,-1.1228,-4.2510,-6.7962,-9.4701,-7.7561
219,T,T,T,219,10.1169,-3.0792,-6.9581,-2.6663,-4.9328,-2.6104,-1.9135,-4.6417,-4.1441,-4.0688,-5.0716,-3.9974,-4.1143,-5.1470,-5.0404,-1.6076,-2.4287,-1.5152,-3.2608,-6.1230,-4.5486
220,T,K,L,220,8.2783,-2.9056,-8.2903,-3.6032,-4.4770,-4.2710,-6.2148,-1.4159,-5.4249,-5.7166,-1.4127,-5.0736,-1.9881,-8.5169,-4.6303,-4.6194,-2.3281,-2.3919,-5.4562,-6.5480,-3.2467
221,T,D,D,221,3.5488,-4.2878,-9.1035,-0.4152,-3.7097,-5.8325,-6.3251,-6.5877,-4.8680,-6.4087,-6.4151,-7.7238,-3.5835,-4.1834,-5.2406,-5.4984,-3.2370,-1.7742,-4.1259,-7.9221,-5.0965
222,T,D,D,222,2.7750,-3.7494,-8.8150,-0.4305,-1.3399,-8.5560,-5.7365,-5.7470,-7.5426,-6.2540,-7.6875,-7.7691,-3.8083,-7.9145,-4.8632,-8.8363,-4.1251,-5.5408,-6.3195,-9.0849,-6.2610
223,T,V,I,223,3.8728,-3.0041,-7.0338,-5.1911,-8.4329,-8.1340,-10.4437,-7.2499,-0.7904,-7.3697,-1.3888,-7.0255,-4.8558,-8.6073,-7.0080,-7.5656,-7.6293,-4.3490,-1.5381,-10.2894,-7.4803
224,T,K,D,224,7.5831,-2.2048,-7.9715,-1.4584,-1.4822,-5.5034,-3.7175,-4.9973,-3.9190,-5.6329,-4.7397,-5.6103,-3.5112,-7.9503,-3.8884,-5.7139,-2.9584,-4.2022,-1.4668,-7.8989,-4.9931
225,T,A,V,225,4.4164,-1.6121,-4.3831,-6.1511,-8.7136,-2.3673,-5.0684,-7.1806,-4.1161,-9.4848,-5.1580,-5.1569,-6.0966,-10.7293,-8.6844,-7.3166,-4.3545,-5.0782,-0.6671,-8.5123,-2.1081
226,T,T,G,226,7.0043,-2.9500,-6.3585,-4.5171,-5.5671,-1.4030,-1.3224,-4.3637,-7.0769,-7.4862,-3.0175,-5.9656,-4.1817,-9.3604,-5.3915,-5.9156,-2.0001,-3.9085,-5.6986,-6.5241,-1.7697
227,T,L,L,227,1.1375,-9.1053,-7.8891,-11.2725,-11.1251,-6.0240,-10.1969,-9.8866,-6.3048,-10.3779,-0.0214,-4.2539,-10.1789,-15.1063,-8.2969,-8.8167,-7.4934,-11.0183,-7.1061,-8.6525,-10.0664
228,T,T,G,228,4.1742,-2.4574,-6.1216,-4.3333,-4.9041,-3.8195,-0.5885,-5.2067,-6.8277,-7.7591,-7.1580,-7.7519,-4.3743,-9.9096,-5.4249,-6.5072,-1.4881,-3.7557,-6.2674,-6.3765,-3.3525
229,T,M,I,229,1.5251,-10.3014,-8.9689,-10.5450,-9.9455,-8.4274,-14.5334,-11.5484,-0.1116,-13.1608,-3.1797,-6.6261,-10.3000,-15.3826,-9.2828,-10.8496,-8.4740,-8.5881,-2.7868,-11.1313,-10.4742
230,T,P,P,230,3.6287,-3.0716,-7.1578,-2.3017,-4.2058,-5.5937,-3.4145,-5.2012,-7.1264,-6.4665,-5.3690,-7.2097,-3.5299,-0.3604,-4.7626,-4.9147,-4.0762,-4.9084,-5.5739,-4.8967,-4.6275
231,T,A,A,231,1.5233,-0.0841,-5.5624,-6.4147,-8.3952,-8.0871,-4.6224,-9.9625,-8.4770,-11.6878,-6.0146,-6.2132,-6.7798,-10.3174,-8.7790,-8.9109,-3.3446,-4.1370,-4.9395,-8.4955,-9.6316
232,T,Y,Y,232,4.0358,-6.4593,-7.5462,-6.5328,-5.3299,-1.5937,-5.7014,-3.2830,-5.2965,-6.7504,-3.3223,-6.5056,-5.9640,-14.3178,-6.1076,-5.7313,-5.5285,-5.6586,-4.6841,-2.0999,-0.5859
233,T,I,P,233,3.0517,-3.6552,-4.0059,-7.1490,-7.8572,-7.0609,-6.3458,-8.1638,-3.3347,-10.4747,-7.8095,-8.3407,-6.1444,-0.4998,-7.8576,-8.6432,-5.3584,-4.1407,-1.2698,-7.3293,-5.5121
234,T,D,D,234,4.0218,-4.4346,-5.8837,-0.7371,-3.7546,-5.7640,-3.0919,-3.9399,-9.1633,-6.6793,-5.7408,-6.3600,-1.0378,-9.6498,-5.1239,-5.5253,-3.8962,-6.4111,-6.8505,-6.1776,-3.9215
235,T,P,T,235,6.3763,-1.4162,-5.1385,-6.2420,-7.8493,-4.6836,-3.4514,-7.2719,-4.6969,-8.0602,-5.1311,-5.4836,-5.2143,-1.5021,-6.3608,-5.5792,-2.6949,-1.3361,-2.1242,-8.0440,-5.4866
236,T,E,A,236,6.4926,-0.9000,-8.5899,-3.7953,-3.1384,-4.6475,-2.9514,-6.8907,-5.7765,-6.0665,-5.1015,-5.8694,-5.1655,-5.6659,-5.3465,-4.0706,-1.5791,-1.9845,-2.9837,-5.5531,-3.8575
237,T,N,Y,237,9.3185,-6.5641,-6.9250,-3.9022,-4.2030,-2.2575,-9.0904,-1.8599,-3.8314,-2.6956,-6.4260,-6.2901,-1.6787,-11.7009,-5.2404,-2.9975,-4.7736,-2.2421,-3.1127,-5.1789,-1.5958
238,T,V,V,238,3.0977,-3.7175,-6.6208,-4.0773,-6.6985,-3.8023,-7.6132,-7.0157,-1.3055,-7.0071,-5.2338,-8.1307,-4.2033,-7.9744,-6.6289,-7.6410,-5.5062,-4.6297,-0.4795,-10.2661,-5.3227
239,T,K,L,239,10.5964,-3.1737,-9.0266,-3.1599,-2.9531,-3.6373,-3.2276,-4.0923,-4.7034,-1.8299,-1.2061,-4.8280,-5.0740,-4.0524,-3.1253,-2.7354,-3.8170,-2.2502,-3.6599,-6.5725,-4.0770
240,T,K,D,240,5.8401,-2.2251,-8.0287,-0.6379,-2.5743,-4.4783,-5.6685,-4.3258,-8.6611,-4.1781,-4.6692,-7.1497,-2.8588,-7.7715,-3.0219,-4.4485,-2.7768,-3.7890,-5.2876,-8.3731,-3.6879
241,T,T,S,241,6.2963,-1.5197,-8.1478,-5.4145,-2.6451,-6.6227,-3.5008,-6.4057,-8.0072,-6.4016,-6.0814,-6.9743,-6.4305,-2.5501,-2.6864,-5.1796,-1.1927,-1.5782,-6.1743,-8.2605,-6.4321
242,T,G,G,242,1.0005,-14.5042,-18.3922,-11.3336,-11.8048,-13.6444,-0.0000,-15.3232,-14.1387,-13.1231,-13.3322,-16.0149,-15.2720,-14.7473,-12.6925,-13.0301,-14.3290,-13.9116,-14.6796,-17.0799,-12.8974
243,T,N,T,243,3.6920,-2.5928,-10.9602,-3.2757,-2.3879,-8.3188,-6.1432,-7.8524,-8.0602,-2.8317,-8.3793,-8.2428,-4.0788,-4.4858,-4.2506,-6.2406,-3.5805,-0.4165,-6.8696,-9.3082,-8.0719
244,T,V,A,244,4.1508,-0.9798,-6.4187,-9.9940,-7.4558,-6.1192,-8.9480,-4.2966,-6.5171,-5.3276,-9.6580,-7.9787,-5.5627,-9.3643,-5.8325,-7.2497,-2.9465,-1.0830,-1.6551,-9.6668,-4.6176
245,T,T,V,245,9.2350,-2.8008,-7.6182,-2.2682,-3.1772,-2.2478,-3.7597,-5.0736,-4.8692,-4.4118,-2.1655,-4.9772,-3.9886,-4.1098,-4.1287,-5.7022,-3.0771,-3.0199,-1.0438,-7.1950,-4.2115
246,T,L,L,246,1.3879,-6.8683,-7.1948,-9.0703,-9.1208,-3.5049,-8.9341,-8.4297,-5.0368,-10.2947,-0.0680,-7.1091,-8.5314,-15.6689,-9.2409,-10.9954,-9.8858,-11.0903,-3.7154,-9.7210,-6.7320
247,T,A,T,247,3.4370,-5.0591,-10.0497,-7.1431,-4.1978,-9.0857,-5.7890,-8.4889,-4.1826,-2.3919,-7.1470,-5.6857,-2.5196,-12.5076,-5.0876,-3.6412,-2.6375,-0.3926,-5.5948,-10.4952,-9.5459
248,T,T,C,248,7.8368,-2.4271,-1.5191,-6.2474,-6.9496,-2.7654,-3.9226,-6.9599,-3.7799,-10.0312,-4.9267,-5.4670,-5.7533,-12.0662,-7.7129,-6.9048,-1.7085,-1.9194,-1.5963,-4.2143,-3.8186
249,T,G,G,249,1.0002,-14.6110,-18.2206,-13.8275,-13.4826,-17.5349,-0.0000,-17.4743,-19.3015,-11.7514,-16.2387,-19.2167,-14.8339,-17.1521,-14.5244,-13.0885,-12.7752,-16.7711,-18.5227,-17.8920,-17.0999
250,T,I,T,250,2.1897,-4.2992,-6.0829,-7.7649,-6.2375,-9.4771,-5.3572,-9.2908,-3.6490,-7.8096,-7.0412,-8.8269,-5.7046,-13.5772,-5.4956,-7.3285,-3.4102,-0.2126,-2.3081,-8.9737,-8.3273
251,T,G,G,251,1.0431,-6.5508,-12.8578,-6.7422,-8.8545,-9.1999,-0.0051,-9.9390,-14.4342,-8.3426,-10.1850,-12.3280,-7.9395,-9.7299,-11.1776,-9.2855,-7.0978,-8.1181,-13.4941,-10.4650,-8.5390
252,T,S,T,252,6.4660,-1.9838,-9.9199,-2.6583,-3.9995,-5.0420,-2.8155,-6.5831,-4.5766,-3.9071,-4.2843,-5.7577,-3.1514,-5.2899,-4.5996,-4.8827,-2.5046,-0.7300,-3.6862,-7.9898,-5.4087
253,T,T,A,253,9.4837,-1.5010,-6.6631,-3.6754,-4.7761,-3.2456,-3.6463,-2.3827,-6.2070,-4.1387,-7.5859,-6.4607,-2.0894,-8.6770,-5.8423,-5.4361,-1.7901,-2.1057,-3.0033,-6.1295,-2.3753
254,T,T,V,254,5.7574,-1.3805,-8.4019,-3.5590,-5.4993,-3.5927,-5.6295,-4.7318,-4.7130,-5.8983,-3.9267,-4.0641,-4.0879,-11.1783,-4.4088,-6.6217,-3.8408,-2.1349,-0.8270,-6.4428,-4.0036
255,T,A,A,255,1.3873,-0.0880,-10.5276,-9.0913,-9.9507,-5.8503,-6.2510,-7.8084,-14.5012,-10.0956,-12.2947,-11.7567,-9.0129,-9.7126,-10.1930,-10.3470,-2.5679,-6.9725,-10.0766,-10.8415,-7.1039
256,T,N,T,256,7.5520,-2.2920,-7.0994,-2.9305,-3.0776,-4.2176,-3.2360,-5.5753,-3.5244,-6.3155,-3.7673,-3.7742,-3.3961,-7.5678,-4.8793,-6.2158,-2.5191,-0.7819,-2.8042,-6.0966,-3.9640
257,T,K,V,257,10.3368,-2.1909,-6.6302,-5.7110,-4.1552,-4.6793,-3.4816,-3.9481,-5.5811,-2.2416,-2.0655,-3.7083,-5.8708,-9.3346,-2.6234,-2.9185,-3.3185,-2.0929,-1.4218,-7.0170,-4.1343
258,T,T,A,258,5.5562,-0.7326,-6.7578,-4.3295,-3.1363,-4.6934,-3.2932,-6.6824,-4.2948,-4.5320,-4.4999,-5.2307,-4.5139,-8.0205,-3.8502,-6.1098,-4.0010,-2.2402,-1.5545,-8.2478,-6.1743
259,T,V,V,259,1.2821,-6.1153,-9.6072,-8.5489,-5.9599,-9.2513,-11.7357,-10.2655,-3.7321,-9.8959,-5.2638,-6.9287,-10.0146,-13.7441,-7.9548,-11.3092,-7.9949,-4.7344,-0.0460,-13.1292,-9.9938
260,T,L,T,260,8.6569,-2.4340,-7.3079,-3.1514,-3.0945,-4.9855,-4.5918,-5.0450,-4.6939,-2.4834,-3.8823,-3.9704,-2.7260,-7.4340,-3.1854,-3.9198,-1.9563,-0.9825,-4.0721,-7.5376,-4.8983
261,T,V,V,261,1.0506,-7.1733,-9.8920,-13.3502,-11.8312,-9.1789,-10.0461,-13.6852,-5.2452,-12.1697,-7.8916,-8.7216,-12.2974,-15.0306,-13.2190,-12.4082,-11.4912,-8.2086,-0.0071,-12.3724,-11.1026
262,T,D,S,262,8.4347,-4.4603,-7.1846,-4.2176,-3.1452,-4.4622,-6.7946,-3.4232,-4.0592,-2.7539,-3.5304,-6.0410,-3.0057,-12.6080,-3.8524,-4.3922,-1.0577,-1.8324,-1.9007,-7.1253,-3.4630
263,T,Y,F,263,1.7469,-8.1186,-6.9049,-9.2393,-9.9780,-0.1935,-9.1503,-7.5113,-7.5182,-10.3984,-8.1682,-10.5331,-9.9811,-12.8003,-9.7388,-9.6035,-6.3642,-9.5344,-5.8686,-4.3404,-1.8635
264,T,E,V,264,8.2584,-3.8526,-7.6713,-3.3764,-2.3432,-3.9008,-5.9830,-3.7111,-3.3536,-2.8365,-3.5779,-4.2389,-2.5010,-3.7530,-3.9270,-5.8772,-4.6932,-2.4565,-0.8422,-7.6422,-4.5202
265,T,K,P,265,5.8055,-1.6218,-8.8202,-2.3495,-3.2125,-5.8518,-5.0820,-6.0175,-6.5424,-3.5054,-4.3346,-5.9330,-4.1977,-0.7534,-3.5513,-4.9975,-2.7283,-4.2411,-5.7133,-7.7014,-5.7488
266,T,Y,P,266,1.8404,-4.7649,-7.9172,-8.8928,-7.7661,-2.7370,-6.2131,-5.4313,-12.2643,-12.4937,-5.8583,-10.3089,-8.5625,-0.1502,-6.2364,-7.2386,-6.1529,-10.1876,-9.6564,-5.2051,-3.0924
267,T,G,Y,267,5.0750,-3.5221,-6.3471,-3.7412,-4.9417,-1.1840,-1.5592,-2.5535,-9.4062,-7.1795,-8.1084,-8.5504,-5.1679,-8.1210,-6.3288,-8.9965,-4.4053,-6.4787,-7.6545,-6.5024,-1.1434
268,T,K,Q,268,4.7363,-2.7575,-7.5096,-7.6434,-2.9993,-10.5119,-4.7803,-8.4750,-6.2113,-3.3834,-6.2423,-5.7647,-4.5418,-9.6825,-0.6353,-3.2842,-1.6033,-3.0970,-4.4516,-12.7306,-10.5615
269,T,F,Y,269,6.0002,-5.4207,-7.3549,-3.6654,-6.1190,-2.3712,-4.7560,-2.7630,-5.6817,-5.6748,-2.3897,-7.9007,-3.5050,-8.9556,-4.4754,-4.4727,-1.6489,-4.8079,-5.9179,-5.8223,-0.8116
270,T,Y,G,270,1.7059,-5.6895,-10.1420,-3.2319,-3.7802,-7.0035,-0.1100,-7.7394,-9.4359,-5.7573,-6.0929,-7.6578,-5.2005,-8.4824,-5.4087,-6.7365,-4.1935,-6.9266,-7.7609,-7.8963,-5.8403
271,T,N,N,271,3.5640,-5.4705,-5.9284,-2.1409,-4.2250,-4.9432,-4.6752,-4.6878,-4.2299,-4.9068,-6.4402,-6.2918,-0.3646,-6.5706,-6.0103,-4.7318,-3.6618,-2.9214,-4.6638,-6.8759,-4.3646
272,T,L,L,272,1.1727,-6.7862,-9.1672,-9.3579,-9.4783,-5.6432,-7.4411,-8.3765,-8.1638,-5.9710,-0.0231,-6.4955,-5.1460,-14.1250,-6.7369,-5.4943,-7.0414,-9.6856,-9.7875,-9.4587,-7.4579
273,T,S,A,273,3.4086,-0.6424,-5.3902,-3.0452,-5.8246,-6.6308,-2.0179,-5.8579,-12.5902,-11.3302,-9.7766,-10.0388,-5.8169,-7.7685,-8.5670,-10.5837,-1.2975,-6.4652,-9.9202,-8.5923,-5.7948
274,T,I,I,274,2.6936,-5.4815,-6.8884,-8.1515,-7.5510,-7.3797,-6.3497,-9.8414,-0.4373,-9.3024,-2.7941,-5.2147,-6.2051,-10.1020,-8.1766,-8.2225,-6.6001,-3.9192,-1.3669,-9.7785,-7.9746
275,T,K,A,275,5.5058,-0.6684,-5.9247,-6.0331,-6.4795,-4.9323,-3.1078,-2.8778,-7.5894,-3.7244,-1.6563,-6.4617,-4.4407,-13.2314,-3.6446,-2.8573,-3.8101,-4.7162,-4.2907,-6.4570,-4.2732
276,T,G,G,276,2.1404,-1.1065,-7.9388,-6.6214,-8.4107,-8.0946,-0.4406,-9.7741,-12.2853,-12.2516,-10.8705,-9.6756,-8.8688,-9.1593,-9.0273,-10.4836,-3.8076,-8.1018,-8.2549,-9.5010,-9.7952
277,T,T,S,277,2.6738,-2.6491,-7.3070,-5.0102,-5.8528,-8.1551,-3.3091,-7.6661,-9.1230,-9.8846,-8.1599,-7.6036,-5.1240,-11.7589,-7.1043,-8.1897,-0.3646,-1.7239,-7.9386,-9.1162,-7.7549
278,T,I,I,278,2.3993,-6.5994,-6.3334,-7.5676,-6.2610,-6.1710,-7.4260,-8.6369,-0.2898,-6.7220,-1.9602,-5.9129,-6.3899,-11.5232,-6.6103,-7.3613,-5.5933,-4.3063,-2.5597,-9.7292,-8.7729
279,T,D,E,279,8.0307,-1.9836,-6.8289,-1.8345,-1.1281,-8.9795,-3.3174,-6.4832,-5.5996,-3.0371,-2.6193,-6.6229,-3.6968,-9.0099,-3.4981,-5.9657,-3.7577,-3.4147,-2.3040,-9.0602,-8.0624
280,T,Q,G,280,8.9442,-4.0783,-4.5890,-2.4965,-2.5773,-4.3565,-1.0578,-4.7983,-5.6380,-5.4629,-2.5537,-5.6920,-3.4182,-6.8629,-3.2684,-3.3127,-1.9358,-4.2245,-5.7013,-5.7620,-2.4820
281,T,I,Q,281,7.2855,-4.8185,-6.6807,-4.2941,-2.3395,-4.4386,-5.9139,-3.3842,-3.5844,-2.7313,-2.8294,-4.1320,-6.0195,-11.2629,-0.7988,-3.9970,-5.5041,-3.5516,-2.1098,-6.7773,-3.2593
282,T,D,D,282,1.6632,-5.9966,-8.2365,-0.0990,-4.6656,-6.1032,-6.9422,-5.2646,-5.6604,-7.0502,-5.5557,-8.8526,-3.2362,-8.9608,-7.1336,-7.7638,-4.6911,-6.1543,-5.3550,-7.6585,-4.7997
283,T,K,L,283,7.4204,-3.5110,-7.4783,-3.9670,-4.4101,-6.9181,-4.6014,-5.9044,-1.5456,-5.5296,-0.9771,-4.3789,-3.5847,-3.5910,-3.3732,-3.5916,-3.8063,-3.0906,-2.0353,-8.0675,-5.8722
284,T,T,D,284,2.1469,-5.0022,-9.4033,-0.1995,-5.1501,-5.9746,-4.3838,-5.7591,-6.5513,-8.7330,-5.5008,-9.1430,-2.2846,-7.5408,-7.8937,-8.4065,-4.4219,-6.1823,-6.3986,-7.6792,-3.6838
285,T,N,E,285,11.1184,-2.6451,-9.0618,-1.9744,-1.4579,-4.3906,-4.5519,-4.6049,-5.1949,-3.0485,-2.5820,-4.6038,-2.8256,-7.3829,-3.2464,-3.6414,-1.9567,-2.6146,-3.7892,-6.1465,-3.8409
286,T,N,N,286,8.0725,-1.5023,-5.7540,-3.1481,-4.0410,-4.8372,-1.8711,-4.5299,-7.2656,-5.1155,-5.1776,-6.4878,-1.3931,-7.3989,-3.8214,-5.9189,-1.8668,-3.5787,-3.8800,-5.9858,-3.0370
287,T,T,K,287,7.0043,-4.1615,-7.2063,-4.7304,-2.0955,-7.3900,-5.8287,-3.6736,-5.4876,-0.9093,-4.5826,-3.0238,-2.8615,-15.2839,-1.8969,-2.9109,-5.6584,-2.4777,-6.3395,-7.7448,-5.1400
288,T,Y,A,288,2.3706,-0.2452,-6.6948,-8.2839,-8.8907,-2.3496,-6.0821,-7.6195,-7.0473,-10.1059,-4.8745,-7.1209,-8.6486,-8.4959,-8.4300,-10.1115,-5.8050,-3.7663,-2.9537,-9.5775,-3.5296
289,T,R,T,289,10.5840,-3.4546,-8.0895,-2.5346,-3.7809,-3.9435,-5.7129,-4.1159,-2.1353,-4.4899,-2.6968,-3.1999,-2.9858,-7.7390,-4.7683,-5.8399,-2.0067,-1.3183,-2.5926,-6.9678,-3.0108
290,T,Q,S,290,4.3882,-2.5275,-2.7065,-6.9093,-6.9453,-5.7058,-5.9125,-8.1890,-4.8311,-9.2438,-2.2351,-2.6056,-3.8773,-11.8814,-5.0598,-7.2586,-0.5228,-3.8988,-4.2400,-8.2779,-7.3350
291,T,T,T,291,8.1466,-3.5028,-5.3193,-5.1904,-3.4393,-5.5766,-4.5835,-4.9629,-3.4283,-3.2511,-4.1788,-4.0366,-4.6669,-10.1385,-3.3321,-1.5130,-2.8671,-1.0887,-2.0268,-5.5863,-4.8600
292,T,I,V,292,2.3407,-4.5798,-6.2625,-6.1361,-8.1558,-6.4906,-9.9918,-6.9990,-1.3376,-11.3629,-4.8211,-9.7257,-6.2501,-10.2712,-8.5127,-12.5806,-6.7012,-3.9588,-0.3743,-9.9342,-6.1921
293,T,Y,L,293,9.1447,-5.6581,-6.6396,-3.6193,-3.0932,-3.8016,-4.1558,-3.1400,-5.0400,-4.9428,-1.3347,-3.6952,-2.0590,-11.5814,-3.0744,-6.3879,-5.6501,-4.4635,-3.5794,-1.5038,-2.3090
294,T,V,V,294,2.2219,-6.8847,-6.3847,-8.0935,-7.4746,-5.9247,-7.8993,-7.8989,-4.0130,-8.5857,-1.5108,-3.9537,-7.2314,-11.4136,-6.4871,-7.3911,-6.7379,-7.4173,-0.3156,-8.6052,-7.3638
295,T,N,N,295,1.2558,-8.3330,-8.5367,-7.1722,-9.1241,-9.3893,-6.8180,-8.2229,-9.8395,-7.1605,-3.4266,-7.9769,-0.0443,-12.3865,-6.5359,-6.2961,-6.0617,-6.9971,-8.1402,-11.5189,-10.0247
296,T,P,P,296,1.6160,-4.4511,-7.3355,-4.1601,-5.2734,-7.2466,-3.5243,-5.7876,-8.7477,-9.2874,-7.1516,-8.9350,-7.0028,-0.0909,-6.3672,-8.6684,-5.2534,-6.1947,-5.5441,-6.4595,-5.5419
297,T,S,A,297,4.1750,-0.8787,-7.4766,-2.0392,-5.5673,-5.9116,-1.0541,-6.1245,-9.4762,-5.5519,-4.7733,-4.8571,-3.8220,-12.0950,-6.5933,-7.5153,-3.0554,-6.1444,-7.3812,-8.6026,-5.9082
298,T,G,G,298,1.0055,-9.9788,-11.7436,-10.2199,-11.0700,-9.8632,-0.0005,-10.3375,-13.0288,-12.7729,-10.7299,-14.2517,-9.5353,-12.9925,-12.0254,-11.5132,-9.2559,-13.0061,-13.9811,-10.1173,-9.8305
299,T,D,D,299,4.8724,-2.5889,-7.0113,-0.5606,-2.2661,-4.3998,-4.3882,-4.9248,-7.3311,-4.6614,-4.7856,-7.1990,-2.3559,-11.6477,-5.7535,-7.6182,-2.9609,-4.0274,-5.4212,-9.3577,-3.6633
300,T,N,L,300,11.2132,-3.1446,-8.0563,-3.8544,-4.0068,-3.6743,-8.3713,-3.2568,-2.2948,-3.4826,-1.5412,-5.3340,-2.4761,-5.2684,-3.9624,-4.2063,-3.1749,-1.6683,-2.8087,-7.0587,-2.4304
301,T,V,V,301,1.3267,-5.8868,-9.0979,-7.6677,-6.5205,-9.8121,-11.3213,-9.6200,-3.2016,-7.5312,-5.2812,-7.7470,-6.5444,-11.6751,-6.3361,-9.5361,-10.3355,-6.5936,-0.0581,-11.9229,-9.6667
302,T,I,G,302,10.7358,-3.0855,-7.3327,-3.2350,-3.3377,-3.4646,-1.2309,-5.3263,-2.8306,-2.1167,-2.9230,-4.8464,-2.1078,-5.3217,-4.4919,-2.4864,-3.7055,-3.6772,-5.1500,-6.7556,-3.4454
303,T,A,T,303,6.4685,-1.4468,-5.9700,-2.7491,-4.5332,-4.7341,-4.5271,-5.6638,-6.1560,-5.4886,-5.6344,-5.9252,-2.6710,-8.8592,-5.3249,-4.6300,-1.8849,-1.0316,-4.9298,-7.3181,-2.9622
304,T,P,P,304,1.9096,-1.5808,-7.6735,-5.6405,-7.2173,-10.0679,-6.1694,-11.7427,-13.0336,-12.5825,-8.9739,-9.9821,-7.6141,-0.2606,-9.4448,-12.0527,-4.2597,-6.3909,-9.4880,-11.4427,-10.0534
305,T,V,V,305,6.1551,-1.7278,-5.3949,-6.6034,-5.0468,-6.0450,-4.6165,-6.8236,-3.0275,-4.2072,-4.8070,-4.4258,-5.5773,-12.5254,-4.6859,-3.6269,-3.1763,-1.4252,-0.9780,-5.8268,-4.3909
306,T,L,V,306,2.4308,-3.7324,-6.1000,-6.4491,-6.1167,-5.2218,-7.2510,-7.9166,-2.3719,-8.4137,-4.2318,-6.3781,-5.1727,-10.3517,-6.8957,-9.1352,-3.9765,-3.2774,-0.2363,-8.4535,-7.1517
307,T,T,T,307,3.3194,-2.7230,-5.4054,-5.9723,-4.7933,-9.1379,-4.4084,-8.2681,-4.7628,-5.8456,-7.7623,-7.9796,-4.6943,-13.1607,-4.4642,-5.7923,-2.0477,-0.3920,-2.7232,-11.1552,-8.8981
308,T,G,L,308,3.2831,-5.5775,-4.6804,-5.7884,-4.2594,-5.1945,-8.7665,-7.5685,-2.3198,-6.9559,-0.3621,-4.2403,-5.6907,-14.4610,-4.4354,-6.2263,-5.7314,-4.6923,-2.2546,-4.0648,-6.2139
309,T,N,N,309,7.7323,-2.7903,-5.9388,-4.0220,-2.9966,-5.6611,-4.7993,-2.8652,-5.6841,-3.9445,-4.6984,-7.9702,-1.1215,-10.7850,-2.3752,-6.1331,-3.4747,-1.4024,-2.8909,-8.3132,-4.3081
310,T,L,P,310,4.1551,-5.4467,-7.5160,-5.5338,-4.6778,-8.4387,-6.2339,-6.2356,-4.8312,-1.2624,-3.7310,-5.9200,-3.6010,-0.6344,-3.6360,-3.1615,-6.5884,-3.6276,-5.3312,-7.4913,-7.5020
311,T,K,L,311,5.6641,-3.5185,-8.0589,-6.0558,-3.5247,-5.1173,-5.7748,-4.4632,-7.4399,-1.1071,-0.9939,-4.2486,-5.4735,-10.3159,-3.0743,-2.3133,-5.7626,-3.4349,-5.5677,-5.6363,-4.6082
312,T,P,P,312,1.4174,-6.5143,-8.0823,-8.1874,-7.3039,-6.2287,-7.3748,-6.1715,-8.2020,-8.0423,-6.2720,-10.7341,-8.0172,-0.0631,-5.6480,-5.9548,-3.6940,-5.9531,-6.7027,-6.9682,-4.1909
313,T,N,D,313,6.5819,-2.7627,-9.6118,-1.2055,-3.0027,-7.1995,-1.4197,-6.4613,-7.2682,-3.6851,-5.9093,-6.2192,-3.5758,-7.5039,-6.1955,-5.4340,-2.1215,-1.8812,-5.3413,-9.9182,-6.9312
314,T,T,L,314,8.5551,-4.0802,-5.5114,-5.6364,-4.4026,-3.3852,-4.7160,-3.9221,-3.6107,-4.0694,-0.9952,-2.7507,-3.8283,-9.2851,-3.9015,-4.9108,-2.5174,-1.6870,-2.7098,-5.9519,-3.2530
315,T,D,D,315,5.5798,-3.5524,-8.1382,-0.7911,-3.1119,-5.8331,-4.4553,-4.7744,-6.5785,-3.9449,-6.2220,-5.7050,-1.3979,-5.9436,-3.6967,-5.7625,-2.4451,-3.0873,-5.8494,-8.8101,-4.5021
316,T,S,S,316,1.2915,-3.3635,-5.6207,-8.0298,-10.4496,-9.0869,-4.6858,-10.4050,-11.1700,-12.5825,-10.9673,-12.2498,-7.5641,-7.2461,-11.0284,-12.4820,-0.0524,-6.3552,-10.6109,-10.8597,-9.9263
317,T,N,A,317,2.2948,-0.3163,-4.7394,-7.1742,-6.1327,-11.2071,-3.7622,-9.7993,-10.2107,-5.7452,-8.4182,-8.6660,-4.9496,-5.4742,-6.6622,-5.9477,-1.5388,-5.9637,-9.0330,-10.6279,-9.6768
318,T,A,V,318,4.2765,-1.1456,-6.5570,-8.2967,-7.9197,-5.2820,-6.4445,-7.4651,-1.7768,-7.4942,-2.2420,-5.7021,-6.9974,-10.3520,-6.5039,-5.8095,-5.3567,-4.9701,-0.9810,-7.9611,-6.9049
319,T,L,L,319,9.5155,-4.2124,-6.5453,-5.4017,-4.3279,-4.9976,-6.0105,-6.4659,-1.7717,-1.7759,-1.7320,-5.1673,-4.6800,-8.3044,-2.8797,-2.5317,-2.7502,-2.4359,-2.0480,-6.2640,-5.1592
320,T,I,L,320,2.0683,-9.7188,-11.0275,-9.6657,-10.6397,-6.1104,-9.6884,-9.2519,-0.9790,-11.0344,-0.4866,-9.1838,-8.5501,-13.0141,-11.4777,-9.2490,-9.8099,-7.7983,-5.5105,-9.5971,-6.1935
321,T,D,G,321,2.8383,-6.3866,-6.7825,-3.9177,-7.1316,-8.6901,-0.4886,-7.5477,-8.7983,-5.9658,-9.0431,-9.4556,-1.2880,-9.7935,-8.1859,-5.9447,-2.6759,-4.7003,-9.0758,-8.9870,-6.0095
322,T,Q,S,322,9.5732,-1.8439,-6.6107,-3.2176,-2.2677,-5.7124,-4.2496,-6.1570,-3.1101,-1.7811,-4.0504,-7.1349,-4.3456,-4.1535,-2.6457,-3.7000,-1.3461,-3.9931,-3.4118,-6.4788,-4.7862
323,T,Q,D,323,8.9830,-2.6128,-9.2824,-1.3326,-1.5782,-5.5983,-4.1119,-4.7485,-4.9109,-2.3577,-6.1502,-6.8951,-2.5710,-7.5745,-4.2533,-4.9574,-2.8829,-2.4260,-2.7544,-7.2034,-4.1623
324,T,N,T,324,6.7096,-3.7513,-6.2579,-3.8552,-5.3143,-1.3482,-6.4784,-3.2551,-5.8519,-4.0590,-6.1320,-6.3475,-4.2402,-7.0524,-5.2368,-5.4769,-2.2263,-1.3382,-4.9419,-5.5372,-1.5208
325,T,T,T,325,1.8825,-3.3997,-6.3495,-8.6891,-9.9837,-6.3989,-9.2316,-11.4702,-7.4252,-10.1401,-4.4201,-7.2243,-8.8220,-9.4994,-9.8839,-9.7422,-2.1147,-0.1911,-6.0850,-11.5976,-9.0387
326,T,S,A,326,13.0097,-1.7083,-8.0427,-4.0965,-2.6633,-2.1655,-4.1790,-3.5134,-3.9294,-3.1361,-2.4682,-5.3684,-4.6136,-5.5302,-2.7547,-3.3372,-2.4420,-2.3782,-4.1845,-4.6859,-2.2765
327,T,I,I,327,3.4535,-4.0573,-6.7964,-9.0336,-8.5620,-5.8174,-7.9050,-7.8289,-0.8618,-9.0000,-2.1179,-5.3587,-7.3464,-10.2869,-8.3408,-6.6808,-6.9889,-4.2909,-0.9031,-5.6361,-5.4369
328,T,K,A,328,5.1605,-0.7081,-8.4133,-5.7249,-2.9639,-6.6266,-3.8067,-6.4468,-4.7175,-2.6439,-4.6920,-6.7608,-5.5089,-7.8103,-3.5955,-5.3604,-3.7353,-1.4915,-3.0007,-9.1076,-6.5067
329,T,V,V,329,5.6769,-2.2487,-4.8482,-5.5597,-3.4455,-3.5886,-3.3682,-6.3841,-2.9393,-7.6116,-2.8563,-5.0309,-6.8247,-11.3445,-4.0619,-4.1233,-4.3733,-3.7505,-0.5730,-3.6046,-4.8228
330,T,Y,L,330,7.9168,-2.9225,-5.4756,-5.7388,-3.0410,-1.5563,-5.9714,-5.1225,-6.7674,-3.7890,-1.1937,-2.0174,-5.1494,-8.1167,-2.8622,-6.4624,-2.2987,-4.5980,-5.5998,-5.5805,-3.5409
331,T,K,K,331,8.2011,-2.4907,-7.7438,-5.2763,-1.5978,-6.1363,-3.5716,-3.9914,-6.6156,-1.4910,-3.7704,-6.4843,-5.7021,-8.6678,-2.1784,-1.6652,-2.7270,-3.5775,-5.8692,-7.3037,-5.0066
332,T,V,V,332,1.2687,-5.9901,-7.6437,-8.6502,-8.9920,-7.7716,-8.5629,-8.0341,-3.2668,-9.8477,-5.8946,-8.8877,-9.5630,-11.8914,-7.9191,-7.8925,-9.2681,-6.5214,-0.0492,-10.3910,-8.1197
333,T,D,T,333,7.0569,-3.9779,-10.2468,-4.5799,-4.7396,-5.3756,-5.3053,-6.1219,-3.9499,-2.2868,-1.5115,-5.4687,-1.5338,-8.6783,-4.3934,-4.3401,-2.3923,-1.3356,-4.9380,-8.6169,-6.3476
334,T,N,S,334,5.6288,-3.7284,-7.8265,-2.3396,-4.8076,-6.4395,-4.6573,-3.8897,-9.1918,-2.1427,-6.0063,-9.4623,-2.0639,-7.3742,-3.9877,-3.7255,-0.7121,-2.9404,-7.6609,-7.5609,-5.3288
335,T,A,A,335,4.8312,-0.5587,-6.8572,-2.7938,-5.5754,-4.5900,-3.0500,-5.3048,-5.5779,-2.1132,-4.3073,-6.0153,-2.9252,-5.5178,-5.6564,-5.4328,-2.4876,-6.1467,-5.7823,-7.1104,-5.4430
336,T,A,D,336,10.4571,-2.4168,-9.6503,-1.5256,-3.5696,-3.9497,-2.2552,-5.8274,-2.9700,-2.3802,-3.5048,-3.9735,-1.5888,-6.7410,-4.9608,-3.0158,-3.0828,-3.8313,-4.3338,-7.7952,-5.8375
337,T,D,S,337,2.7377,-3.8814,-6.4052,-3.2232,-8.4407,-5.9702,-5.8269,-5.4601,-11.7831,-6.4085,-9.1060,-7.6556,-1.4049,-10.9938,-9.1094,-7.0353,-0.4171,-4.0494,-11.2409,-8.7579,-5.8945
338,T,L,L,338,1.4459,-6.8945,-10.0187,-7.9514,-7.8151,-5.2506,-9.6460,-8.7241,-4.8875,-6.0919,-0.0770,-6.0130,-7.0222,-10.7678,-8.5577,-7.0360,-7.6310,-5.6417,-3.0418,-11.3785,-7.1257
339,T,S,T,339,4.6349,-3.0414,-8.6834,-4.1604,-3.4506,-6.5024,-0.9988,-6.4732,-7.1546,-3.5547,-5.5038,-7.1032,-4.3972,-12.0729,-5.1023,-5.8556,-2.7801,-0.9020,-7.7329,-8.4596,-4.6705
340,T,E,D,340,7.7501,-1.5822,-7.4760,-1.2060,-1.8063,-4.9943,-5.1218,-4.2595,-5.4946,-4.9699,-4.7892,-6.4278,-2.0420,-7.1565,-3.3438,-4.7973,-3.5234,-3.2831,-5.0331,-4.2103,-3.9157
341,T,S,S,341,2.6064,-1.2697,-6.0718,-4.7723,-7.9773,-6.6257,-2.6415,-8.1322,-12.7022,-10.6813,-7.7420,-9.4788,-4.9272,-11.8125,-9.1718,-8.0572,-0.4686,-7.7344,-11.9982,-8.4501,-8.0575
342,T,Y,G,342,2.3915,-1.8226,-6.8394,-6.2696,-8.9647,-4.0071,-0.2856,-5.8996,-9.3482,-7.5479,-7.0000,-9.6726,-5.3525,-9.7006,-9.2357,-7.2244,-3.7189,-6.5145,-7.3769,-8.1540,-3.5416
343,T,F,Y,343,5.8308,-1.6248,-4.3570,-4.7680,-6.7913,-2.6480,-4.5687,-3.1918,-9.4517,-8.8958,-9.2881,-7.9713,-3.3966,-10.5013,-7.2402,-6.3590,-1.4648,-6.8693,-8.4390,-3.2933,-1.0435
344,T,V,V,344,2.6180,-5.5041,-5.9236,-9.7337,-8.4944,-9.7004,-5.9099,-8.3242,-1.5697,-8.8972,-8.3435,-7.8520,-7.4628,-11.5733,-8.6443,-7.1846,-5.8109,-2.0796,-0.4287,-10.2703,-8.3472
345,T,N,P,345,2.6607,-4.7284,-8.7681,-4.6949,-4.5391,-5.8630,-4.7227,-5.1199,-7.7173,-4.6910,-5.9406,-7.1704,-5.0019,-0.2499,-4.9172,-4.1716,-2.2409,-4.1282,-6.4348,-6.1693,-5.1285
346,T,P,P,346,6.4667,-3.3554,-8.9147,-4.9572,-3.8988,-5.3737,-2.8318,-6.0180,-4.3116,-3.8067,-3.4153,-6.0872,-5.5520,-0.9910,-3.9666,-3.6952,-1.1496,-3.1316,-4.2873,-5.3410,-5.7733
347,T,E,S,347,12.4828,-2.5324,-9.3053,-2.0115,-3.5810,-4.4704,-2.8408,-4.7597,-2.3471,-2.3630,-3.5333,-5.6971,-2.3044,-7.5728,-5.2275,-4.1561,-1.9748,-2.7793,-2.2499,-5.8917,-3.5878
348,T,N,N,348,5.2322,-6.9896,-6.9175,-5.4786,-7.4773,-2.2528,-7.4540,-1.4276,-7.8260,-3.1489,-6.1874,-8.7380,-0.8958,-11.4209,-6.4664,-4.6079,-4.2173,-3.5134,-8.4852,-5.7563,-2.0058
349,T,F,A,349,3.4329,-0.3681,-6.1080,-5.3707,-6.4984,-4.4334,-5.8539,-6.1900,-4.0060,-5.1026,-3.4287,-5.0223,-5.2022,-8.0079,-4.7218,-3.9573,-3.5982,-4.1404,-1.9607,-8.9595,-6.5407
350,T,E,K,350,1.4653,-5.1450,-13.8093,-7.0599,-3.3257,-10.0141,-5.8246,-8.0729,-6.2071,-0.0750,-10.0075,-7.3900,-6.0478,-9.3965,-4.5149,-7.4899,-7.3583,-4.8100,-7.2039,-11.9374,-8.9087
351,T,D,L,351,9.8780,-3.5038,-5.3883,-3.1296,-2.7745,-5.3516,-2.7827,-6.3091,-1.7758,-4.9476,-1.5099,-5.3845,-3.0311,-4.0649,-4.3018,-3.0356,-4.3161,-3.2431,-1.5757,-7.2690,-6.2837
352,T,V,R,352,7.3631,-5.1572,-4.1127,-6.5560,-5.1116,-3.8822,-5.3439,-3.5611,-1.4310,-3.3369,-4.6172,-4.4481,-3.5643,-10.9835,-4.3521,-1.2279,-4.6957,-3.3472,-1.5074,-7.1951,-3.9242
353,T,T,T,353,1.1037,-11.4782,-14.1944,-12.1197,-10.3930,-10.0996,-9.9261,-11.7123,-10.6700,-9.5895,-9.9185,-13.4714,-10.7950,-14.4288,-10.2979,-11.7790,-3.9650,-0.0196,-11.7160,-11.3617,-10.0313
354,T,N,S,354,5.5966,-3.1414,-7.2147,-1.3687,-2.6813,-5.3082,-2.6560,-5.0793,-5.7468,-5.0698,-6.3097,-8.1198,-3.7362,-4.8016,-6.0575,-4.4351,-0.8092,-3.3259,-4.8984,-7.8360,-5.3217
355,T,S,R,355,1.1295,-7.3367,-8.2494,-7.9509,-7.4346,-8.7858,-7.5182,-7.0959,-9.2844,-6.1129,-5.5188,-8.5626,-8.8842,-12.2641,-5.3997,-0.0168,-7.5255,-7.8386,-8.8564,-7.2394,-8.1479
356,T,V,V,356,3.1993,-4.1157,-2.6732,-8.7673,-8.6789,-1.9305,-7.9861,-7.3258,-4.1774,-7.8028,-3.2991,-8.2065,-8.8529,-9.0317,-8.5307,-6.3864,-8.8498,-6.9332,-0.4031,-9.9733,-3.1295
357,T,N,T,357,2.9328,-5.1299,-9.4356,-5.3370,-4.4286,-6.1372,-7.6333,-6.3064,-3.3406,-3.5698,-5.4884,-7.4246,-4.0602,-9.4771,-5.1706,-4.8079,-2.2187,-0.2978,-3.8856,-9.3912,-6.5234
358,T,I,F,358,4.2074,-3.0396,-5.2412,-7.0901,-8.2431,-0.6585,-5.1056,-7.2843,-2.6962,-7.2707,-3.0331,-4.7580,-8.0730,-9.1913,-8.0146,-7.3519,-5.0492,-4.5950,-1.3253,-5.7882,-4.6243
359,T,T,S,359,4.4397,-2.1317,-9.1644,-4.5427,-3.7293,-7.9569,-3.8457,-8.2374,-5.8214,-3.5131,-5.6929,-6.2547,-4.9406,-9.0302,-3.2575,-5.8365,-0.6036,-1.6959,-4.9287,-11.2805,-7.9639
360,T,F,A,360,3.8680,-0.5071,-3.0994,-7.0966,-7.7137,-2.5829,-4.3952,-5.8669,-8.1129,-8.5911,-8.4627,-9.6518,-5.9738,-10.5909,-7.0162,-4.8838,-1.7697,-2.8797,-4.6313,-6.8426,-4.4609
361,T,P,P,361,1.8732,-3.4239,-11.1022,-3.0205,-4.0000,-8.7273,-5.8715,-7.9823,-7.5292,-5.5947,-6.8084,-8.6309,-4.8824,-0.1413,-8.0124,-8.5851,-5.3009,-4.7002,-7.0439,-11.1722,-8.7950
362,T,N,S,362,7.4821,-1.4293,-8.2703,-2.5990,-4.1441,-4.3207,-3.2445,-3.2957,-9.4998,-4.6652,-7.7848,-9.7270,-2.4064,-10.3542,-5.5144,-5.3896,-1.2649,-3.1594,-7.4030,-5.9186,-1.9379
363,T,P,P,363,8.3453,-2.5870,-9.5738,-2.0283,-2.5641,-5.3447,-4.8664,-4.5593,-4.9872,-3.4871,-5.7278,-6.4947,-3.4886,-1.2311,-3.3774,-4.5288,-3.7504,-1.4580,-4.2969,-5.8113,-4.5327
364,T,N,N,364,5.6565,-3.4034,-7.7168,-1.4336,-3.5594,-5.7889,-5.4966,-4.5525,-7.6570,-3.2556,-5.2632,-6.3682,-0.7359,-5.6726,-3.9526,-3.0654,-3.3583,-3.7271,-5.6031,-6.1018,-3.7892
365,T,Q,T,365,6.6866,-3.2067,-4.9771,-8.2027,-4.3815,-4.2375,-4.3775,-4.6540,-6.7742,-4.3523,-2.8885,-2.7531,-4.4579,-10.6740,-1.1982,-3.1655,-2.9183,-1.0448,-4.9790,-7.5365,-6.7441
366,T,Y,A,366,3.0508,-0.3285,-5.4468,-7.7025,-7.4380,-2.9902,-4.3678,-7.3131,-4.7120,-7.9973,-2.5340,-6.7394,-8.7598,-9.0544,-6.6182,-8.1019,-5.3091,-5.0835,-2.5997,-7.1686,-3.4094
367,T,K,T,367,7.8245,-2.2508,-7.7163,-4.1724,-3.4532,-4.2732,-4.6431,-3.0273,-3.8165,-6.4995,-5.2332,-5.1503,-4.4884,-6.7247,-4.0498,-4.6678,-1.7027,-1.0577,-1.9325,-5.3080,-3.8132
368,T,V,V,368,2.9371,-5.8925,-6.7329,-9.7177,-7.5206,-4.0035,-7.3999,-8.9922,-1.0948,-9.3539,-2.2588,-6.7327,-7.9910,-12.5432,-7.5481,-8.3615,-8.0100,-6.9909,-0.6291,-9.0915,-7.4168
369,T,E,D,369,9.3812,-1.6746,-8.8707,-1.4856,-1.6555,-3.6829,-2.9058,-3.6548,-6.4661,-4.3928,-4.1366,-5.6585,-4.3519,-6.2562,-3.4832,-5.9982,-2.5953,-2.9533,-2.6328,-4.8608,-6.4342
370,T,F,L,370,2.6078,-6.7940,-6.3344,-7.4997,-8.9719,-1.3963,-7.9093,-7.5651,-3.6006,-10.0674,-0.4016,-6.2994,-8.0341,-10.5708,-9.4232,-7.4240,-4.4520,-6.9706,-3.4658,-6.6006,-5.6988
371,T,N,N,371,4.8137,-2.5679,-9.4966,-2.9554,-5.2993,-6.3302,-4.7143,-5.6619,-5.0014,-4.0682,-6.1035,-6.5398,-0.8089,-9.3525,-5.7495,-7.1562,-1.2727,-2.4270,-5.3701,-8.3933,-6.3262
372,T,T,S,372,3.7853,-1.6046,-6.0694,-4.3054,-5.4416,-7.7378,-4.1473,-6.0896,-8.1143,-6.0589,-6.3463,-9.6432,-4.6891,-4.3327,-5.8162,-5.4811,-0.5987,-1.7622,-5.3906,-8.0832,-7.8362
373,T,P,N,373,5.0643,-4.9322,-8.2422,-1.3095,-3.8151,-5.0450,-3.0583,-3.9022,-6.4246,-4.3802,-5.4137,-7.7111,-0.7326,-5.5730,-5.3220,-5.3830,-2.8729,-3.1879,-4.9007,-6.7939,-4.8796
374,T,D,S,374,5.3303,-3.3267,-12.2568,-2.3461,-3.9389,-7.1650,-2.8305,-6.2089,-6.9757,-4.6724,-4.7921,-8.1852,-3.3035,-7.6478,-4.6877,-2.9897,-0.6617,-1.8919,-6.0736,-7.6480,-6.2157
375,T,D,N,375,6.8269,-2.9672,-8.4595,-2.1289,-2.2258,-5.9818,-4.8775,-3.3118,-5.8984,-2.9694,-4.9581,-5.9946,-0.8124,-9.3135,-3.3541,-5.7058,-2.4048,-3.9351,-4.5950,-8.9826,-4.7126
376,T,Q,T,376,9.7980,-2.7964,-8.2030,-3.9091,-3.1823,-5.1647,-8.0789,-1.7132,-1.7488,-2.7998,-4.1278,-5.1972,-3.0335,-8.3454,-2.4548,-4.1686,-4.1127,-1.4942,-3.4123,-9.4551,-4.5292
377,T,I,I,377,11.6644,-2.3871,-6.4181,-3.2192,-4.7789,-3.0612,-3.9022,-4.0105,-1.2864,-3.2211,-2.6889,-4.5732,-3.3841,-4.3324,-4.4442,-4.4854,-3.1420,-2.1331,-3.0011,-6.1041,-2.3561
378,T,T,T,378,5.9183,-4.4986,-6.1307,-3.5741,-3.7071,-2.3265,-6.1629,-5.2281,-3.1274,-5.0908,-5.4359,-5.9913,-2.4870,-5.9455,-5.2390,-5.8634,-1.9029,-0.7092,-3.8422,-8.3546,-4.1734
379,T,T,A,379,6.6958,-1.3787,-4.6672,-4.3362,-4.0348,-5.6530,-2.8948,-6.4611,-5.6009,-5.9643,-6.9193,-6.3179,-3.5166,-8.8936,-3.9830,-5.3244,-1.4598,-1.4210,-2.2026,-9.4587,-7.1249
380,T,P,P,380,1.2932,-3.3270,-8.1599,-7.5771,-9.8909,-9.9592,-5.9623,-11.4540,-11.9181,-15.0992,-10.2923,-10.8963,-10.4948,-0.0537,-10.6438,-13.1963,-4.6047,-5.9431,-9.3705,-13.3870,-9.9568
381,T,Y,V,381,2.0349,-3.1205,-6.4886,-7.4750,-8.9043,-4.2816,-6.1025,-5.9507,-3.8520,-9.4888,-4.2068,-5.2792,-7.8140,-10.9950,-9.1113,-8.3859,-6.2259,-5.4852,-0.1595,-7.0133,-3.4014
382,T,I,V,382,6.9004,-3.6097,-4.1736,-5.2986,-4.4178,-1.8454,-5.2967,-5.9526,-1.3141,-7.5796,-2.6108,-3.0404,-5.6443,-11.8404,-5.0015,-6.9732,-3.7694,-4.5194,-1.1651,-7.0081,-3.6333
383,T,V,V,383,4.0567,-4.1849,-4.7235,-8.1759,-7.2958,-1.3172,-5.2251,-6.2780,-1.8595,-9.9731,-2.6692,-6.4388,-6.4286,-12.4941,-7.6133,-10.5558,-5.9124,-6.2715,-0.7664,-9.9262,-6.4268
384,T,V,D,384,9.4098,-4.2989,-5.9650,-1.3287,-1.6932,-2.0703,-4.4427,-3.3059,-5.2911,-4.5021,-3.3603,-4.6773,-3.7093,-12.2157,-3.6730,-4.1753,-1.8749,-4.6914,-3.5516,-5.3224,-3.2440
385,T,V,V,385,4.5389,-4.6158,-5.3990,-7.1586,-5.7259,-3.2714,-5.6046,-6.2031,-1.8519,-6.3415,-1.6115,-3.0512,-5.4747,-13.2289,-5.6098,-6.8388,-4.3271,-5.3126,-0.6867,-7.7211,-6.4609
386,T,N,D,386,4.3433,-3.7716,-7.4005,-0.4620,-1.9199,-4.1984,-3.1822,-3.5843,-5.8004,-4.8520,-4.7427,-4.9670,-3.7293,-11.6475,-4.6890,-5.8518,-3.9708,-4.9820,-4.2819,-6.9206,-4.3971
387,T,G,G,387,3.8091,-2.5551,-4.8043,-7.6602,-9.0912,-6.8934,-0.6854,-6.9947,-8.3715,-9.9285,-4.6411,-4.6915,-6.6894,-7.8083,-7.5645,-8.0246,-1.9174,-1.4328,-8.0787,-12.8406,-8.6152
388,T,H,T,388,8.0608,-2.2375,-7.7657,-5.7123,-3.1717,-5.5824,-2.0468,-4.6911,-7.5991,-1.5833,-4.4399,-5.4588,-3.8602,-9.4409,-2.0442,-3.9072,-2.9693,-1.3617,-5.8198,-6.9982,-6.4843
389,T,I,T,389,4.0286,-4.4709,-6.2557,-6.7400,-6.1055,-3.8037,-7.8439,-4.0114,-4.1497,-6.5683,-1.6622,-5.8571,-5.1034,-8.4966,-4.3824,-5.1096,-2.3389,-0.5228,-4.5653,-8.9376,-4.8195
390,T,D,D,390,4.7514,-4.1427,-7.8158,-0.6067,-4.4623,-5.1120,-3.7564,-6.1390,-5.0710,-4.5855,-3.5520,-5.9630,-1.6588,-10.0879,-5.9184,-5.5015,-2.2428,-4.5351,-4.6320,-6.9984,-3.7699
391,T,P,P,391,10.9205,-2.9431,-6.2719,-4.2970,-4.7164,-3.8030,-3.8684,-3.2597,-3.7748,-5.0930,-3.6419,-5.1653,-4.2300,-1.6183,-3.8660,-1.6215,-2.3338,-2.4435,-4.1311,-5.6156,-1.9280
392,T,N,Y,392,5.9774,-3.4786,-8.9305,-1.5713,-2.9156,-4.4562,-4.0505,-4.8107,-4.8251,-5.6389,-4.4815,-5.5362,-3.0674,-7.8355,-6.4141,-4.8042,-3.4457,-3.2924,-3.6345,-5.2464,-0.7224
393,T,S,S,393,2.3759,-2.7265,-6.0406,-5.2318,-6.2334,-7.9100,-2.2056,-6.7762,-7.6540,-8.6731,-6.3872,-8.0842,-3.6878,-5.2224,-6.0073,-6.3507,-0.2566,-6.6417,-8.6571,-10.2384,-7.2888
394,T,K,D,394,7.3087,-3.8212,-7.4784,-1.1133,-2.3334,-5.3416,-5.2868,-5.1981,-5.1410,-4.3446,-5.2785,-6.8791,-2.3798,-4.1860,-4.3811,-3.6878,-1.3526,-2.6658,-5.3179,-8.0446,-3.4079
395,T,G,G,395,1.0002,-12.1311,-17.7970,-12.4745,-13.8033,-15.2703,-0.0000,-14.2813,-16.4830,-17.4988,-14.6588,-20.3328,-14.9158,-15.2729,-14.2867,-15.5935,-15.8438,-19.0839,-15.7063,-17.2495,-13.7874
396,T,D,A,396,8.9951,-1.4411,-6.1125,-3.1064,-3.6571,-5.6382,-2.8358,-4.8194,-5.2047,-5.7750,-4.4891,-5.6872,-2.2279,-1.8506,-4.3510,-4.1644,-2.4550,-1.6050,-4.4789,-7.0651,-5.3533
397,T,L,A,397,4.1156,-0.4524,-3.9855,-6.0076,-8.6583,-3.9632,-6.2830,-6.0783,-3.3552,-8.7808,-2.7357,-6.2933,-4.7663,-8.7629,-7.2818,-5.7298,-2.2223,-4.3852,-2.8956,-6.9055,-3.5736
398,T,A,A,398,4.2734,-0.6214,-6.5233,-1.5555,-3.1354,-5.2271,-6.1971,-5.1289,-7.8016,-8.8340,-6.1830,-5.4163,-2.5495,-12.5371,-5.4779,-9.5952,-2.5018,-4.5958,-6.9474,-8.0192,-4.5389
399,T,L,L,399,4.3117,-2.5727,-5.8179,-5.3275,-4.9932,-5.7799,-6.5567,-9.1815,-3.2832,-9.3973,-0.6201,-2.8911,-5.5044,-11.1289,-5.3947,-8.2253,-3.4030,-4.7195,-1.5052,-9.6800,-8.0686
400,T,R,T,400,6.5127,-3.0967,-5.6055,-4.6608,-4.7073,-5.1270,-6.0330,-6.6199,-2.2405,-7.3438,-1.6353,-3.5298,-3.8138,-12.5160,-3.8404,-5.8629,-2.2337,-0.9009,-3.5188,-9.1427,-6.1019
401,T,S,S,401,5.9000,-1.8277,-2.8522,-5.0941,-6.6545,-2.9703,-3.2163,-4.7307,-5.9738,-8.5638,-5.5294,-5.8619,-4.7725,-9.5508,-6.0247,-8.5558,-0.7543,-5.0706,-4.8035,-2.3388,-2.6323
402,T,T,V,402,1.7019,-4.1091,-5.6339,-8.9134,-5.6773,-8.3903,-7.8280,-9.6662,-5.6309,-10.6715,-9.1669,-7.4397,-6.9373,-12.9809,-6.6926,-9.5854,-4.4909,-2.4882,-0.1339,-10.6122,-8.3469
403,T,L,L,403,2.0795,-6.3372,-6.6120,-10.5046,-6.9683,-6.8150,-7.3769,-7.2368,-2.2431,-7.5354,-0.2013,-4.8758,-7.9423,-10.6142,-4.2741,-6.0892,-6.0734,-5.0192,-3.3270,-9.6929,-10.0670
404,T,Y,Y,404,5.5651,-5.0551,-4.7968,-6.4960,-4.5202,-1.7930,-2.3579,-1.3793,-7.7596,-5.9665,-3.8763,-6.7519,-4.5718,-12.9050,-4.3043,-4.2829,-6.2905,-6.7483,-5.0799,-5.2875,-0.9589
405,T,G,G,405,1.0020,-11.9040,-12.2765,-15.3011,-16.4683,-13.2671,-0.0002,-14.4406,-11.8010,-18.1407,-13.2807,-13.0191,-13.8823,-13.1340,-15.0607,-14.3139,-10.3153,-9.3692,-11.2623,-13.7302,-11.4594
406,T,Y,Y,406,6.6016,-5.0839,-7.6476,-5.6194,-3.2205,-1.3920,-5.2203,-3.8412,-8.9451,-4.0284,-2.4419,-7.1336,-5.9231,-8.4623,-3.6006,-3.7511,-5.6802,-2.6207,-6.8136,-2.8382,-0.9700
407,T,N,D,407,1.9023,-9.7890,-9.7335,-0.3455,-8.8414,-12.3212,-7.9488,-10.3913,-8.2669,-8.4590,-11.2042,-11.4132,-1.2528,-9.9715,-10.4232,-9.0830,-7.7175,-5.4037,-9.4600,-12.0551,-10.0799
408,T,S,N,408,8.0526,-4.4412,-8.3419,-1.4919,-1.8332,-6.3169,-4.7981,-4.1780,-4.0390,-3.0307,-5.7538,-5.9602,-1.4496,-7.8050,-3.6092,-4.9279,-1.7897,-3.6965,-4.2970,-7.5977,-3.4801
409,T,N,D,409,8.2626,-3.7046,-9.4280,-1.1609,-2.8310,-5.2918,-1.5163,-3.4526,-4.0892,-4.7768,-4.6769,-6.1152,-2.0030,-7.9664,-5.2941,-3.1615,-2.8443,-3.6869,-4.7400,-7.3818,-3.3522
410,T,I,S,410,12.1548,-3.7696,-8.5343,-3.0579,-2.6788,-3.2652,-3.6976,-2.4849,-6.1849,-3.4019,-3.1610,-4.9661,-1.7541,-9.4166,-2.6655,-2.8787,-1.6907,-3.8654,-5.4500,-4.4051,-2.2135
411,T,I,E,411,10.3819,-3.0731,-8.2409,-1.6909,-1.2483,-4.7524,-3.1471,-3.6767,-3.2984,-4.1079,-3.9805,-5.1507,-2.5030,-6.5606,-3.1864,-4.5510,-3.5086,-3.7555,-2.4772,-6.1919,-2.9403
412,T,W,Y,412,3.6044,-3.8276,-6.3282,-6.4479,-8.6238,-1.5686,-7.1346,-4.4412,-11.0782,-9.0377,-9.4624,-10.3305,-7.2078,-5.8366,-9.2349,-7.7060,-5.4514,-7.4789,-7.8392,-1.1049,-0.8847
413,T,R,A,413,6.0774,-1.0779,-5.5653,-3.4973,-4.0499,-7.1800,-1.6401,-7.6027,-6.7061,-6.3080,-4.1913,-4.7383,-4.3226,-6.5623,-5.0437,-5.5340,-1.4222,-2.3878,-3.6156,-9.1196,-6.9785
414,T,S,A,414,4.0752,-0.5804,-5.1028,-7.0868,-7.6927,-7.9002,-2.8330,-8.2170,-4.4126,-8.1746,-4.8130,-5.0878,-5.0818,-7.4901,-4.5259,-5.1992,-1.4988,-2.6630,-3.4946,-9.8760,-9.2062
415,T,M,V,415,7.2373,-1.3878,-4.2649,-5.7721,-3.1293,-5.7669,-1.9420,-5.7334,-4.1687,-7.4567,-5.4552,-4.4262,-3.4661,-9.0905,-3.8568,-5.0511,-3.5165,-2.3358,-1.1555,-5.7435,-5.5248
416,T,S,G,416,3.1737,-1.1295,-8.7978,-5.9110,-8.1421,-8.3846,-0.9199,-9.2750,-12.5267,-11.6073,-9.0273,-8.2297,-6.7326,-8.7575,-8.3943,-10.0817,-1.3235,-5.0397,-12.1006,-11.7572,-10.0309
417,T,W,W,417,7.3478,-2.9785,-3.7229,-3.5081,-5.4749,-3.0953,-1.6163,-3.9034,-7.7846,-8.0259,-10.3458,-5.9295,-5.4535,-10.3402,-7.1557,-5.4052,-2.5247,-4.1406,-3.9599,-1.1080,-1.7810
418,T,D,V,418,4.2120,-4.5372,-6.2702,-5.0693,-3.9226,-4.1343,-4.5619,-4.3271,-2.5082,-5.9853,-2.4052,-4.3867,-6.2070,-8.2805,-3.7996,-5.3861,-5.4769,-4.8127,-0.4217,-4.7858,-3.5325
419,T,N,A,419,4.4226,-0.9169,-4.4780,-6.8928,-7.6320,-5.6067,-2.3057,-8.9839,-6.6625,-10.1026,-7.3277,-6.1058,-7.2367,-7.7164,-7.2245,-6.7247,-1.6947,-3.7631,-1.3131,-9.0959,-7.3029
420,T,E,A,420,9.0884,-1.1287,-2.9201,-4.0861,-2.3936,-4.6699,-4.1689,-4.4070,-8.1154,-5.1539,-2.9250,-1.6939,-4.1357,-9.5015,-3.0146,-4.4256,-2.3974,-4.7165,-5.2822,-3.1926,-4.5305
421,T,V,T,421,7.4916,-3.2566,-5.7062,-3.9436,-3.6485,-4.1345,-3.7635,-5.4300,-2.6554,-5.0430,-3.1983,-3.8244,-4.9279,-7.6558,-4.1019,-3.8046,-1.8404,-0.8507,-2.3549,-6.7401,-6.6544
422,T,A,L,422,13.8491,-3.9289,-6.5587,-2.0922,-2.0758,-3.8182,-3.8580,-3.5548,-3.4830,-4.5711,-2.0254,-2.9598,-3.3521,-2.0890,-3.8002,-3.7910,-2.2611,-2.5979,-3.6920,-4.2621,-4.4126
423,T,F,F,423,4.8855,-3.6829,-6.6593,-4.4517,-5.7768,-0.9345,-5.0237,-4.2183,-5.3370,-9.2455,-1.1130,-4.9774,-7.0120,-8.5905,-6.7424,-6.9189,-7.6160,-6.3787,-2.1058,-4.3331,-2.7485
424,T,N,D,424,5.3066,-3.3348,-8.0646,-0.6639,-1.7591,-6.5784,-2.5017,-6.4019,-5.3282,-3.9910,-5.9807,-5.5198,-3.2416,-10.8008,-5.1655,-6.0040,-2.8766,-3.0969,-4.8015,-7.6062,-5.3790
425,T,N,G,425,1.1530,-4.5963,-7.4787,-8.3836,-9.6146,-8.2042,-0.0242,-10.4406,-10.3409,-12.1574,-11.1157,-10.2392,-8.0210,-10.3890,-10.1835,-8.7209,-4.4972,-9.0690,-7.5873,-9.2280,-8.7352
426,T,G,G,426,1.1040,-6.0748,-10.0772,-6.0539,-6.7363,-8.2067,-0.0129,-6.9897,-9.2346,-9.3997,-8.3726,-9.9803,-6.3186,-11.2339,-7.8736,-7.1071,-6.7288,-11.2948,-9.0031,-7.9005,-7.4701
427,T,S,E,427,13.8796,-3.3380,-8.1881,-2.4315,-1.8474,-5.3995,-3.5597,-3.1503,-4.0347,-2.7481,-3.8428,-5.3592,-1.9729,-2.5414,-3.2195,-2.4625,-2.7818,-2.5251,-3.7385,-4.6405,-4.1016
428,T,G,G,428,10.3318,-2.5157,-6.3064,-4.5947,-4.5794,-3.3695,-1.1833,-3.8316,-4.2369,-6.1035,-1.8359,-5.0266,-4.7724,-2.8184,-3.7589,-2.5680,-3.8303,-3.5920,-3.5277,-3.9775,-2.4485
429,T,S,H,429,7.2456,-3.4062,-5.0615,-4.4362,-5.0383,-2.8435,-2.3056,-0.8400,-6.6652,-5.8921,-4.2451,-6.9400,-3.0937,-5.2731,-4.6043,-4.8920,-3.0776,-3.5701,-5.0548,-3.9140,-1.8039
430,T,G,G,430,2.4073,-4.1583,-6.6726,-5.4831,-4.8535,-4.7513,-0.1842,-5.1026,-5.6940,-7.3474,-3.3677,-6.1161,-5.7661,-5.6781,-5.4844,-5.3493,-3.8446,-5.6978,-4.3100,-5.1621,-3.7053
431,T,D,G,431,1.6771,-4.3279,-8.3534,-5.7539,-4.5821,-5.6663,-0.0932,-4.9483,-7.0600,-7.0463,-5.8069,-8.0911,-6.0487,-8.2002,-5.8915,-6.5105,-5.0809,-5.7374,-3.8390,-6.3044,-4.9750
432,T,G,G,432,1.0122,-7.6505,-11.5563,-8.4699,-9.7093,-10.8806,-0.0013,-10.5041,-12.7372,-11.9771,-8.2462,-11.4759,-10.4562,-13.1824,-10.4656,-11.8745,-10.4390,-13.3690,-10.1169,-11.8220,-10.2092
433,T,I,V,433,3.8970,-3.7665,-7.0048,-7.7990,-5.7594,-4.5857,-7.2631,-4.9018,-1.4869,-6.8004,-3.7397,-5.0179,-7.2923,-12.8749,-5.8932,-4.5449,-5.4415,-2.4971,-0.5469,-6.0813,-4.2163
434,T,D,M,434,10.1648,-2.9845,-2.5635,-1.9202,-3.6777,-3.1540,-3.2059,-4.1357,-6.0132,-7.4745,-3.5972,-1.3982,-2.4204,-10.3795,-3.6501,-6.0652,-1.7892,-4.1104,-4.5718,-4.8326,-5.3227
435,T,K,F,435,8.0560,-3.3659,-4.0150,-4.2357,-4.4991,-1.4039,-1.4370,-3.5053,-6.2453,-6.9995,-3.8289,-3.6203,-4.3648,-8.3890,-5.5207,-4.8077,-3.2857,-4.5504,-3.4449,-4.4005,-1.4276
436,T,P,G,436,1.2166,-6.2024,-6.5979,-7.7402,-7.0954,-5.0460,-0.0286,-5.6328,-8.3368,-10.3358,-5.2529,-6.8845,-8.0858,-7.7643,-6.5145,-8.6894,-8.0364,-7.9932,-6.7545,-6.2129,-7.1824
437,T,V,V,437,7.6779,-2.6685,-4.1718,-6.1486,-4.9667,-3.2505,-3.4002,-5.7456,-3.3625,-6.4017,-1.6456,-3.0010,-6.5717,-9.0257,-5.1411,-4.3730,-2.9049,-4.2737,-0.9136,-3.0990,-4.0738
438,T,V,I,438,5.3375,-5.6188,-6.5142,-6.6939,-6.2302,-2.7579,-8.9078,-6.9581,-1.1230,-6.6757,-1.3492,-3.6847,-7.3055,-9.6681,-5.0176,-7.0971,-4.1373,-3.0109,-1.4331,-7.4222,-5.6510
439,T,P,V,439,1.4065,-6.4044,-7.6609,-10.2534,-9.0189,-5.1963,-7.1982,-11.0611,-4.7757,-10.9383,-3.7242,-7.1358,-11.2918,-3.8793,-9.8151,-10.3112,-8.5551,-6.7822,-0.0665,-8.9771,-8.8857
440,T,E,S,440,12.6060,-2.5737,-5.3125,-3.9850,-3.9297,-2.1414,-2.9968,-6.1776,-3.4973,-5.3072,-2.5400,-3.1073,-4.7457,-5.9338,-5.2093,-4.6954,-1.9990,-2.0579,-2.0468,-3.2883,-2.3367
441,T,Q,L,441,5.2863,-5.2475,-5.1636,-3.3186,-5.4299,-4.0551,-2.3911,-6.0268,-4.6745,-6.4910,-0.5362,-4.7336,-2.3582,-3.4745,-3.6491,-5.4176,-3.3916,-4.9915,-3.9604,-4.3351,-5.5479
442,T,P,P,442,5.6079,-4.3435,-5.4873,-6.6007,-5.1371,-2.1613,-4.9200,-5.1660,-4.8474,-7.4839,-1.4511,-6.8973,-8.0230,-1.2098,-5.5044,-5.9086,-3.3652,-6.2493,-1.3536,-6.5396,-6.1638
443,T,D,S,443,9.5861,-3.1276,-6.4105,-3.5194,-2.8340,-1.9223,-5.6073,-6.8009,-4.0992,-3.6402,-1.7569,-3.3368,-4.1305,-7.7233,-5.1123,-4.7462,-1.2330,-3.4186,-2.6232,-4.3365,-3.7688
444,T,E,V,444,9.0449,-4.7422,-4.2946,-3.1658,-3.0399,-3.5489,-6.8134,-3.9312,-2.3551,-3.6437,-2.3911,-5.2140,-3.5117,-8.6788,-4.4107,-4.7282,-1.5335,-4.1329,-1.1735,-5.9420,-3.6735
445,T,P,P,445,5.5751,-3.2976,-6.7790,-4.3602,-4.4466,-1.6610,-6.5186,-6.6623,-4.3370,-5.6667,-2.5332,-5.7377,-6.2382,-0.7011,-5.4675,-5.7782,-4.3982,-4.5001,-3.0593,-5.3976,-2.7279
446,T,G,G,446,3.9192,-5.2550,-8.3332,-5.6748,-4.8983,-1.5224,-0.5666,-6.6953,-6.0382,-8.8191,-3.5875,-4.6625,-6.4581,-9.6602,-6.8651,-5.9542,-4.9096,-5.9047,-4.5706,-3.8039,-2.2154
447,T,E,V,447,5.6726,-2.7465,-7.5715,-6.5644,-2.8890,-4.4665,-7.4333,-4.1368,-3.0382,-4.1495,-2.7738,-3.6398,-5.7114,-10.1005,-4.0487,-4.5871,-3.9835,-2.3601,-0.5971,-6.7742,-6.0730
448,T,I,L,448,4.8235,-3.9128,-6.3398,-6.2665,-4.4977,-2.7092,-4.2553,-5.3390,-3.2380,-6.4958,-0.9369,-5.5691,-7.2045,-4.0687,-5.2965,-6.1894,-3.9301,-6.0851,-0.9547,-5.8485,-4.7551
449,T,E,L,449,3.1264,-6.5543,-8.2880,-7.8866,-4.3891,-3.5427,-9.2389,-5.8034,-2.4157,-5.5797,-0.3251,-2.7099,-7.4291,-6.5977,-4.8000,-5.8728,-4.9019,-4.5021,-3.3086,-6.2567,-6.5533
450,T,P,V,450,6.5273,-2.6046,-4.1492,-5.9162,-4.8356,-2.7810,-3.6899,-6.3597,-2.4215,-6.8801,-2.3005,-5.6239,-7.2434,-3.6170,-5.8765,-3.6265,-3.3072,-5.6770,-0.7050,-3.9705,-4.9144
451,T,I,V,451,9.0310,-3.4101,-4.4302,-5.5523,-2.2967,-3.5678,-4.1525,-5.5553,-2.3607,-5.0887,-2.9948,-3.3499,-4.5035,-10.5388,-4.8425,-3.5150,-1.9927,-3.2014,-1.0107,-3.7834,-5.3743
452,T,P,F,452,5.8433,-3.9020,-4.2685,-7.2073,-5.8799,-0.8125,-2.8916,-5.2248,-5.1013,-6.8666,-3.0318,-7.0673,-7.5812,-4.1436,-6.3647,-4.1730,-3.3148,-6.3893,-1.3568,-3.4277,-3.2196
453,T,E,S,453,10.7277,-3.0456,-4.7217,-5.6325,-4.1639,-2.1080,-3.6477,-5.8573,-3.3004,-3.7763,-3.1155,-3.6156,-4.8140,-8.7661,-5.4160,-2.4458,-1.2681,-2.9668,-1.9276,-3.5165,-3.3361
